01,0,5001,Administratia prezidentiala,CHELTUIELI - BUGET DE STAT,"26,009"
01,01,5001,Administratia prezidentiala,TITLUL I CHELTUIELI DE PERSONAL,"10,284"
01,01,5001,Administratia prezidentiala,TITLUL II BUNURI SI SERVICII,"13,363"
01,01,5001,Administratia prezidentiala,TITLUL VI TRANSFERURI INTRE UNITATI ALE ADMINISTRATIEI PUBLICE,"2,199"
01,01,5001,Administratia prezidentiala,TITLUL XII ACTIVE NEFINANCIARE,"163"
01,01,5101,Administratia prezidentiala,AUTORITATI PUBLICE SI ACTIUNI EXTERNE,"23,010"
01,01,5101,Administratia prezidentiala,TITLUL I CHELTUIELI DE PERSONAL,"10,284"
01,01,5101,Administratia prezidentiala,TITLUL II BUNURI SI SERVICII,"12,563"
01,01,5101,Administratia prezidentiala,TITLUL XII ACTIVE NEFINANCIARE,"163"
01,01,5401,Administratia prezidentiala,ALTE SERVICII PUBLICE GENERALE,"800"
01,01,5401,Administratia prezidentiala,TITLUL II BUNURI SI SERVICII,"800"
01,01,6701,Administratia prezidentiala,CULTURA, RECREERE SI RELIGIE,"2,199"
01,01,6701,Administratia prezidentiala,CHELTUIELI CURENTE,"2,199"
01,01,6701,Administratia prezidentiala,TITLUL VI TRANSFERURI INTRE UNITATI ALE ADMINISTRATIEI PUBLICE,"2,199"
02,0,5001,Senatul romaniei,CHELTUIELI - BUGET DE STAT,"85,140"
02,02,5001,Senatul romaniei,TITLUL I CHELTUIELI DE PERSONAL,"69,090"
02,02,5001,Senatul romaniei,TITLUL II BUNURI SI SERVICII,"15,035"
02,02,5001,Senatul romaniei,TITLUL VI TRANSFERURI INTRE UNITATI ALE ADMINISTRATIEI PUBLICE,"900"
02,02,5001,Senatul romaniei,TITLUL VII ALTE TRANSFERURI,"10"
02,02,5001,Senatul romaniei,TITLUL IX ASISTENTA SOCIALA,"5"
02,02,5001,Senatul romaniei,TITLUL XII ACTIVE NEFINANCIARE,"100"
02,02,5101,Senatul romaniei,AUTORITATI PUBLICE SI ACTIUNI EXTERNE,"85,135"
02,02,5101,Senatul romaniei,TITLUL I CHELTUIELI DE PERSONAL,"69,090"
02,02,5101,Senatul romaniei,TITLUL II BUNURI SI SERVICII,"15,035"
02,02,5101,Senatul romaniei,TITLUL VI TRANSFERURI INTRE UNITATI ALE ADMINISTRATIEI PUBLICE,"900"
02,02,5101,Senatul romaniei,TITLUL VII ALTE TRANSFERURI,"10"
02,02,5101,Senatul romaniei,TITLUL XII ACTIVE NEFINANCIARE,"100"
02,02,6801,Senatul romaniei,ASIGURARI SI ASISTENTA SOCIALA,"5"
02,02,6801,Senatul romaniei,TITLUL IX ASISTENTA SOCIALA,"5"
03,0,5001,Camera deputatilor,CHELTUIELI - BUGET DE STAT,"198,291"
03,03,5001,Camera deputatilor,TITLUL I CHELTUIELI DE PERSONAL,"142,316"
03,03,5001,Camera deputatilor,TITLUL II BUNURI SI SERVICII,"48,269"
03,03,5001,Camera deputatilor,TITLUL VII ALTE TRANSFERURI,"1,250"
03,03,5001,Camera deputatilor,TITLUL IX ASISTENTA SOCIALA,"200"
03,03,5001,Camera deputatilor,TITLUL XII ACTIVE NEFINANCIARE,"6,256"
03,03,5101,Camera deputatilor,AUTORITATI PUBLICE SI ACTIUNI EXTERNE,"198,091"
03,03,5101,Camera deputatilor,TITLUL I CHELTUIELI DE PERSONAL,"142,316"
03,03,5101,Camera deputatilor,TITLUL II BUNURI SI SERVICII,"48,269"
03,03,5101,Camera deputatilor,TITLUL VII ALTE TRANSFERURI,"1,250"
03,03,5101,Camera deputatilor,TITLUL XII ACTIVE NEFINANCIARE,"6,256"
03,03,6801,Camera deputatilor,ASIGURARI SI ASISTENTA SOCIALA,"200"
03,03,6801,Camera deputatilor,TITLUL IX ASISTENTA SOCIALA,"200"
04,0,5001,Inalta curte de casatie si justitie,CHELTUIELI - BUGET DE STAT,"61,110"
04,04,5001,Inalta curte de casatie si justitie,TITLUL I CHELTUIELI DE PERSONAL,"54,528"
04,04,5001,Inalta curte de casatie si justitie,TITLUL II BUNURI SI SERVICII,"5,870"
04,04,5001,Inalta curte de casatie si justitie,TITLUL VII ALTE TRANSFERURI,"28"
04,04,5001,Inalta curte de casatie si justitie,TITLUL IX ASISTENTA SOCIALA,"184"
04,04,5001,Inalta curte de casatie si justitie,TITLUL XII ACTIVE NEFINANCIARE,"500"
04,04,5401,Inalta curte de casatie si justitie,ALTE SERVICII PUBLICE GENERALE,"100"
04,04,5401,Inalta curte de casatie si justitie,TITLUL II BUNURI SI SERVICII,"100"
04,04,6101,Inalta curte de casatie si justitie,ORDINE PUBLICA SI SIGURANTA NATIONALA,"60,826"
04,04,6101,Inalta curte de casatie si justitie,TITLUL I CHELTUIELI DE PERSONAL,"54,528"
04,04,6101,Inalta curte de casatie si justitie,TITLUL II BUNURI SI SERVICII,"5,770"
04,04,6101,Inalta curte de casatie si justitie,TITLUL VII ALTE TRANSFERURI,"28"
04,04,6101,Inalta curte de casatie si justitie,TITLUL XII ACTIVE NEFINANCIARE,"500"
04,04,6801,Inalta curte de casatie si justitie,ASIGURARI SI ASISTENTA SOCIALA,"184"
04,04,6801,Inalta curte de casatie si justitie,TITLUL IX ASISTENTA SOCIALA,"184"
05,0,5001,Curtea constitutionala,CHELTUIELI - BUGET DE STAT,"15,260"
05,05,5001,Curtea constitutionala,TITLUL I CHELTUIELI DE PERSONAL,"11,886"
05,05,5001,Curtea constitutionala,TITLUL II BUNURI SI SERVICII,"2,707"
05,05,5001,Curtea constitutionala,TITLUL VII ALTE TRANSFERURI,"17"
05,05,5001,Curtea constitutionala,TITLUL IX ASISTENTA SOCIALA,"350"
05,05,5001,Curtea constitutionala,TITLUL XII ACTIVE NEFINANCIARE,"300"
05,05,5101,Curtea constitutionala,AUTORITATI PUBLICE SI ACTIUNI EXTERNE,"14,910"
05,05,5101,Curtea constitutionala,TITLUL I CHELTUIELI DE PERSONAL,"11,886"
05,05,5101,Curtea constitutionala,TITLUL II BUNURI SI SERVICII,"2,707"
05,05,5101,Curtea constitutionala,TITLUL VII ALTE TRANSFERURI,"17"
05,05,5101,Curtea constitutionala,TITLUL XII ACTIVE NEFINANCIARE,"300"
05,05,6801,Curtea constitutionala,ASIGURARI SI ASISTENTA SOCIALA,"350"
05,05,6801,Curtea constitutionala,TITLUL IX ASISTENTA SOCIALA,"350"
06,0,5001,Consiliul legislativ,CHELTUIELI - BUGET DE STAT,"5,301"
06,06,5001,Consiliul legislativ,TITLUL I CHELTUIELI DE PERSONAL,"4,524"
06,06,5001,Consiliul legislativ,TITLUL II BUNURI SI SERVICII,"552"
06,06,5001,Consiliul legislativ,TITLUL VII ALTE TRANSFERURI,"7"
06,06,5001,Consiliul legislativ,TITLUL IX ASISTENTA SOCIALA,"23"
06,06,5001,Consiliul legislativ,TITLUL XII ACTIVE NEFINANCIARE,"195"
06,06,5101,Consiliul legislativ,AUTORITATI PUBLICE SI ACTIUNI EXTERNE,"5,278"
06,06,5101,Consiliul legislativ,TITLUL I CHELTUIELI DE PERSONAL,"4,524"
06,06,5101,Consiliul legislativ,TITLUL II BUNURI SI SERVICII,"552"
06,06,5101,Consiliul legislativ,TITLUL VII ALTE TRANSFERURI,"7"
06,06,5101,Consiliul legislativ,TITLUL XII ACTIVE NEFINANCIARE,"195"
06,06,6801,Consiliul legislativ,ASIGURARI SI ASISTENTA SOCIALA,"23"
06,06,6801,Consiliul legislativ,TITLUL IX ASISTENTA SOCIALA,"23"
07,0,5001,Curtea de conturi,CHELTUIELI - BUGET DE STAT,"195,705"
07,07,5001,Curtea de conturi,TITLUL I CHELTUIELI DE PERSONAL,"160,165"
07,07,5001,Curtea de conturi,TITLUL II BUNURI SI SERVICII,"14,800"
07,07,5001,Curtea de conturi,TITLUL VII ALTE TRANSFERURI,"30"
07,07,5001,Curtea de conturi,TITLUL VIII PROIECTE CU FINANTARE DIN FONDURI EXTERNE NERAMBURSABILE (FEN) POSTADERARE,"12,766"
07,07,5001,Curtea de conturi,TITLUL XII ACTIVE NEFINANCIARE,"7,944"
07,07,5101,Curtea de conturi,AUTORITATI PUBLICE SI ACTIUNI EXTERNE,"195,705"
07,07,5101,Curtea de conturi,TITLUL I CHELTUIELI DE PERSONAL,"160,165"
07,07,5101,Curtea de conturi,TITLUL II BUNURI SI SERVICII,"14,800"
07,07,5101,Curtea de conturi,TITLUL VII ALTE TRANSFERURI,"30"
07,07,5101,Curtea de conturi,TITLUL VIII PROIECTE CU FINANTARE DIN FONDURI EXTERNE NERAMBURSABILE (FEN) POSTADERARE,"12,766"
07,07,5101,Curtea de conturi,TITLUL XII ACTIVE NEFINANCIARE,"7,944"
08,0,5001,Consiliul concurentei,CHELTUIELI - BUGET DE STAT,"63,646"
08,08,5001,Consiliul concurentei,TITLUL I CHELTUIELI DE PERSONAL,"34,362"
08,08,5001,Consiliul concurentei,TITLUL II BUNURI SI SERVICII,"3,933"
08,08,5001,Consiliul concurentei,TITLUL VII ALTE TRANSFERURI,"53"
08,08,5001,Consiliul concurentei,TITLUL VIII PROIECTE CU FINANTARE DIN FONDURI EXTERNE NERAMBURSABILE (FEN) POSTADERARE,"24,600"
08,08,5001,Consiliul concurentei,TITLUL XII ACTIVE NEFINANCIARE,"698"
08,08,5101,Consiliul concurentei,AUTORITATI PUBLICE SI ACTIUNI EXTERNE,"63,646"
08,08,5101,Consiliul concurentei,TITLUL I CHELTUIELI DE PERSONAL,"34,362"
08,08,5101,Consiliul concurentei,TITLUL II BUNURI SI SERVICII,"3,933"
08,08,5101,Consiliul concurentei,TITLUL VII ALTE TRANSFERURI,"53"
08,08,5101,Consiliul concurentei,TITLUL VIII PROIECTE CU FINANTARE DIN FONDURI EXTERNE NERAMBURSABILE (FEN) POSTADERARE,"24,600"
08,08,5101,Consiliul concurentei,TITLUL XII ACTIVE NEFINANCIARE,"698"
09,0,5001,Avocatul poporului,CHELTUIELI - BUGET DE STAT,"5,623"
09,09,5001,Avocatul poporului,TITLUL I CHELTUIELI DE PERSONAL,"4,482"
09,09,5001,Avocatul poporului,TITLUL II BUNURI SI SERVICII,"1,089"
09,09,5001,Avocatul poporului,TITLUL VII ALTE TRANSFERURI,"8"
09,09,5001,Avocatul poporului,TITLUL XII ACTIVE NEFINANCIARE,"44"
09,09,5101,Avocatul poporului,AUTORITATI PUBLICE SI ACTIUNI EXTERNE,"5,623"
09,09,5101,Avocatul poporului,TITLUL I CHELTUIELI DE PERSONAL,"4,482"
09,09,5101,Avocatul poporului,TITLUL II BUNURI SI SERVICII,"1,089"
09,09,5101,Avocatul poporului,TITLUL VII ALTE TRANSFERURI,"8"
09,09,5101,Avocatul poporului,TITLUL XII ACTIVE NEFINANCIARE,"44"
10,0,5001,Consiliul national pentru studierea arhivelor securitatii,CHELTUIELI - BUGET DE STAT,"12,185"
10,10,5001,Consiliul national pentru studierea arhivelor securitatii,TITLUL I CHELTUIELI DE PERSONAL,"11,016"
10,10,5001,Consiliul national pentru studierea arhivelor securitatii,TITLUL II BUNURI SI SERVICII,"1,069"
10,10,5001,Consiliul national pentru studierea arhivelor securitatii,TITLUL XII ACTIVE NEFINANCIARE,"100"
10,10,5101,Consiliul national pentru studierea arhivelor securitatii,AUTORITATI PUBLICE SI ACTIUNI EXTERNE,"12,185"
10,10,5101,Consiliul national pentru studierea arhivelor securitatii,TITLUL I CHELTUIELI DE PERSONAL,"11,016"
10,10,5101,Consiliul national pentru studierea arhivelor securitatii,TITLUL II BUNURI SI SERVICII,"1,069"
10,10,5101,Consiliul national pentru studierea arhivelor securitatii,TITLUL XII ACTIVE NEFINANCIARE,"100"
11,0,5001,Consiliul national al audiovizualului,CHELTUIELI - BUGET DE STAT,"8,451"
11,11,5001,Consiliul national al audiovizualului,TITLUL I CHELTUIELI DE PERSONAL,"7,273"
11,11,5001,Consiliul national al audiovizualului,TITLUL II BUNURI SI SERVICII,"1,128"
11,11,5001,Consiliul national al audiovizualului,TITLUL VII ALTE TRANSFERURI,"10"
11,11,5001,Consiliul national al audiovizualului,TITLUL X ALTE CHELTUIELI,"3"
11,11,5001,Consiliul national al audiovizualului,TITLUL XII ACTIVE NEFINANCIARE,"37"
11,11,5101,Consiliul national al audiovizualului,AUTORITATI PUBLICE SI ACTIUNI EXTERNE,"8,451"
11,11,5101,Consiliul national al audiovizualului,TITLUL I CHELTUIELI DE PERSONAL,"7,273"
11,11,5101,Consiliul national al audiovizualului,TITLUL II BUNURI SI SERVICII,"1,128"
11,11,5101,Consiliul national al audiovizualului,TITLUL VII ALTE TRANSFERURI,"10"
11,11,5101,Consiliul national al audiovizualului,TITLUL X ALTE CHELTUIELI,"3"
11,11,5101,Consiliul national al audiovizualului,TITLUL XII ACTIVE NEFINANCIARE,"37"
13,0,5001,Secretariatul general al guvernului,CHELTUIELI - BUGET DE STAT,"7,345,476"
13,13,5001,Secretariatul general al guvernului,TITLUL I CHELTUIELI DE PERSONAL,"317,134"
13,13,5001,Secretariatul general al guvernului,TITLUL II BUNURI SI SERVICII,"155,708"
13,13,5001,Secretariatul general al guvernului,TITLUL III DOBANZI,"39,124"
13,13,5001,Secretariatul general al guvernului,TITLUL VI TRANSFERURI INTRE UNITATI ALE ADMINISTRATIEI PUBLICE,"487,205"
13,13,5001,Secretariatul general al guvernului,TITLUL VII ALTE TRANSFERURI,"1,468,808"
13,13,5001,Secretariatul general al guvernului,TITLUL VIII PROIECTE CU FINANTARE DIN FONDURI EXTERNE NERAMBURSABILE (FEN) POSTADERARE,"2,408,832"
13,13,5001,Secretariatul general al guvernului,TITLUL X ALTE CHELTUIELI,"859,066"
13,13,5001,Secretariatul general al guvernului,TITLUL XI CHELTUIELI AFERENTE PROGRAMELOR CU FINANTARE RAMBURSABILA,"1,510,299"
13,13,5001,Secretariatul general al guvernului,TITLUL XII ACTIVE NEFINANCIARE,"13,426"
13,13,5001,Secretariatul general al guvernului,TITLUL XVI RAMBURSARI DE CREDITE,"85,874"
13,13,5101,Secretariatul general al guvernului,AUTORITATI PUBLICE SI ACTIUNI EXTERNE,"581,311"
13,13,5101,Secretariatul general al guvernului,TITLUL I CHELTUIELI DE PERSONAL,"306,729"
13,13,5101,Secretariatul general al guvernului,TITLUL II BUNURI SI SERVICII,"153,433"
13,13,5101,Secretariatul general al guvernului,TITLUL VI TRANSFERURI INTRE UNITATI ALE ADMINISTRATIEI PUBLICE,"8,500"
13,13,5101,Secretariatul general al guvernului,TITLUL VII ALTE TRANSFERURI,"8,620"
13,13,5101,Secretariatul general al guvernului,TITLUL VIII PROIECTE CU FINANTARE DIN FONDURI EXTERNE NERAMBURSABILE (FEN) POSTADERARE,"88,840"
13,13,5101,Secretariatul general al guvernului,TITLUL X ALTE CHELTUIELI,"240"
13,13,5101,Secretariatul general al guvernului,TITLUL XI CHELTUIELI AFERENTE PROGRAMELOR CU FINANTARE RAMBURSABILA,"1,684"
13,13,5101,Secretariatul general al guvernului,TITLUL XII ACTIVE NEFINANCIARE,"13,265"
13,13,5401,Secretariatul general al guvernului,ALTE SERVICII PUBLICE GENERALE,"454,500"
13,13,5401,Secretariatul general al guvernului,TITLUL X ALTE CHELTUIELI,"454,500"
13,13,6501,Secretariatul general al guvernului,INVATAMANT,"2,101"
13,13,6501,Secretariatul general al guvernului,TITLUL X ALTE CHELTUIELI,"2,101"
13,13,6701,Secretariatul general al guvernului,CULTURA, RECREERE SI RELIGIE,"416,526"
13,13,6701,Secretariatul general al guvernului,TITLUL I CHELTUIELI DE PERSONAL,"1,574"
13,13,6701,Secretariatul general al guvernului,TITLUL II BUNURI SI SERVICII,"740"
13,13,6701,Secretariatul general al guvernului,TITLUL VI TRANSFERURI INTRE UNITATI ALE ADMINISTRATIEI PUBLICE,"11,926"
13,13,6701,Secretariatul general al guvernului,TITLUL X ALTE CHELTUIELI,"402,225"
13,13,6701,Secretariatul general al guvernului,TITLUL XII ACTIVE NEFINANCIARE,"61"
13,13,8001,Secretariatul general al guvernului,ACTIUNI GENERALE ECONOMICE, COMERCIALE SI DE MUNCA,"72,874"
13,13,8001,Secretariatul general al guvernului,TITLUL I CHELTUIELI DE PERSONAL,"8,831"
13,13,8001,Secretariatul general al guvernului,TITLUL II BUNURI SI SERVICII,"1,535"
13,13,8001,Secretariatul general al guvernului,TITLUL VIII PROIECTE CU FINANTARE DIN FONDURI EXTERNE NERAMBURSABILE (FEN) POSTADERARE,"62,408"
13,13,8001,Secretariatul general al guvernului,TITLUL XII ACTIVE NEFINANCIARE,"100"
13,13,8201,Secretariatul general al guvernului,INDUSTRIA EXTRACTIVA, PRELUCRATOARE SI CONSTRUCTII,"800"
13,13,8201,Secretariatul general al guvernului,TITLUL III DOBANZI,"100"
13,13,8201,Secretariatul general al guvernului,TITLUL XVI RAMBURSARI DE CREDITE,"700"
13,13,8401,Secretariatul general al guvernului,TRANSPORTURI,"5,817,364"
13,13,8401,Secretariatul general al guvernului,TITLUL III DOBANZI,"39,024"
13,13,8401,Secretariatul general al guvernului,TITLUL VI TRANSFERURI INTRE UNITATI ALE ADMINISTRATIEI PUBLICE,"466,779"
13,13,8401,Secretariatul general al guvernului,TITLUL VII ALTE TRANSFERURI,"1,460,188"
13,13,8401,Secretariatul general al guvernului,TITLUL VIII PROIECTE CU FINANTARE DIN FONDURI EXTERNE NERAMBURSABILE (FEN) POSTADERARE,"2,257,584"
13,13,8401,Secretariatul general al guvernului,TITLUL XI CHELTUIELI AFERENTE PROGRAMELOR CU FINANTARE RAMBURSABILA,"1,508,615"
13,13,8401,Secretariatul general al guvernului,TITLUL XVI RAMBURSARI DE CREDITE,"85,174"
14,0,5001,Ministerul afacerilor externe,CHELTUIELI - BUGET DE STAT,"564,842"
14,14,5001,Ministerul afacerilor externe,TITLUL I CHELTUIELI DE PERSONAL,"286,671"
14,14,5001,Ministerul afacerilor externe,TITLUL II BUNURI SI SERVICII,"166,871"
14,14,5001,Ministerul afacerilor externe,TITLUL VI TRANSFERURI INTRE UNITATI ALE ADMINISTRATIEI PUBLICE,"5,430"
14,14,5001,Ministerul afacerilor externe,TITLUL VII ALTE TRANSFERURI,"71,654"
14,14,5001,Ministerul afacerilor externe,TITLUL VIII PROIECTE CU FINANTARE DIN FONDURI EXTERNE NERAMBURSABILE (FEN) POSTADERARE,"13,728"
14,14,5001,Ministerul afacerilor externe,TITLUL X ALTE CHELTUIELI,"10,230"
14,14,5001,Ministerul afacerilor externe,TITLUL XII ACTIVE NEFINANCIARE,"10,258"
14,14,5101,Ministerul afacerilor externe,AUTORITATI PUBLICE SI ACTIUNI EXTERNE,"512,703"
14,14,5101,Ministerul afacerilor externe,TITLUL I CHELTUIELI DE PERSONAL,"270,337"
14,14,5101,Ministerul afacerilor externe,TITLUL II BUNURI SI SERVICII,"153,884"
14,14,5101,Ministerul afacerilor externe,TITLUL VI TRANSFERURI INTRE UNITATI ALE ADMINISTRATIEI PUBLICE,"2,834"
14,14,5101,Ministerul afacerilor externe,TITLUL VII ALTE TRANSFERURI,"61,464"
14,14,5101,Ministerul afacerilor externe,TITLUL VIII PROIECTE CU FINANTARE DIN FONDURI EXTERNE NERAMBURSABILE (FEN) POSTADERARE,"13,728"
14,14,5101,Ministerul afacerilor externe,TITLUL X ALTE CHELTUIELI,"230"
14,14,5101,Ministerul afacerilor externe,TITLUL XII ACTIVE NEFINANCIARE,"10,226"
14,14,5401,Ministerul afacerilor externe,ALTE SERVICII PUBLICE GENERALE,"9,000"
14,14,5401,Ministerul afacerilor externe,TITLUL VII ALTE TRANSFERURI,"9,000"
14,14,6501,Ministerul afacerilor externe,INVATAMANT,"2,545"
14,14,6501,Ministerul afacerilor externe,TITLUL VI TRANSFERURI INTRE UNITATI ALE ADMINISTRATIEI PUBLICE,"1,355"
14,14,6501,Ministerul afacerilor externe,TITLUL VII ALTE TRANSFERURI,"1,190"
14,14,6701,Ministerul afacerilor externe,CULTURA, RECREERE SI RELIGIE,"40,594"
14,14,6701,Ministerul afacerilor externe,TITLUL I CHELTUIELI DE PERSONAL,"16,334"
14,14,6701,Ministerul afacerilor externe,TITLUL II BUNURI SI SERVICII,"12,987"
14,14,6701,Ministerul afacerilor externe,TITLUL VI TRANSFERURI INTRE UNITATI ALE ADMINISTRATIEI PUBLICE,"1,241"
14,14,6701,Ministerul afacerilor externe,TITLUL X ALTE CHELTUIELI,"10,000"
14,14,6701,Ministerul afacerilor externe,TITLUL XII ACTIVE NEFINANCIARE,"32"
15,0,5001,Ministerul dezvoltarii regionale si administratiei publice,CHELTUIELI - BUGET DE STAT,"2,179,910"
15,15,5001,Ministerul dezvoltarii regionale si administratiei publice,TITLUL I CHELTUIELI DE PERSONAL,"130,740"
15,15,5001,Ministerul dezvoltarii regionale si administratiei publice,TITLUL II BUNURI SI SERVICII,"25,803"
15,15,5001,Ministerul dezvoltarii regionale si administratiei publice,TITLUL IV SUBVENTII,"126,000"
15,15,5001,Ministerul dezvoltarii regionale si administratiei publice,TITLUL VI TRANSFERURI INTRE UNITATI ALE ADMINISTRATIEI PUBLICE,"583,077"
15,15,5001,Ministerul dezvoltarii regionale si administratiei publice,TITLUL VII ALTE TRANSFERURI,"86,218"
15,15,5001,Ministerul dezvoltarii regionale si administratiei publice,TITLUL VIII PROIECTE CU FINANTARE DIN FONDURI EXTERNE NERAMBURSABILE (FEN) POSTADERARE,"1,130,411"
15,15,5001,Ministerul dezvoltarii regionale si administratiei publice,TITLUL X ALTE CHELTUIELI,"300"
15,15,5001,Ministerul dezvoltarii regionale si administratiei publice,TITLUL XI CHELTUIELI AFERENTE PROGRAMELOR CU FINANTARE RAMBURSABILA,"11,183"
15,15,5001,Ministerul dezvoltarii regionale si administratiei publice,TITLUL XII ACTIVE NEFINANCIARE,"86,178"
15,15,5101,Ministerul dezvoltarii regionale si administratiei publice,AUTORITATI PUBLICE SI ACTIUNI EXTERNE,"210,451"
15,15,5101,Ministerul dezvoltarii regionale si administratiei publice,TITLUL I CHELTUIELI DE PERSONAL,"130,740"
15,15,5101,Ministerul dezvoltarii regionale si administratiei publice,TITLUL II BUNURI SI SERVICII,"25,803"
15,15,5101,Ministerul dezvoltarii regionale si administratiei publice,TITLUL VII ALTE TRANSFERURI,"470"
15,15,5101,Ministerul dezvoltarii regionale si administratiei publice,TITLUL VIII PROIECTE CU FINANTARE DIN FONDURI EXTERNE NERAMBURSABILE (FEN) POSTADERARE,"52,538"
15,15,5101,Ministerul dezvoltarii regionale si administratiei publice,TITLUL X ALTE CHELTUIELI,"300"
15,15,5101,Ministerul dezvoltarii regionale si administratiei publice,TITLUL XII ACTIVE NEFINANCIARE,"600"
15,15,5301,Ministerul dezvoltarii regionale si administratiei publice,CERCETARE FUNDAMENTALA SI CERCETARE DEZVOLTARE,"490"
15,15,5301,Ministerul dezvoltarii regionale si administratiei publice,TITLUL VII ALTE TRANSFERURI,"490"
15,15,7001,Ministerul dezvoltarii regionale si administratiei publice,LOCUINTE, SERVICII SI DEZVOLTARE PUBLICA,"890,838"
15,15,7001,Ministerul dezvoltarii regionale si administratiei publice,TITLUL IV SUBVENTII,"126,000"
15,15,7001,Ministerul dezvoltarii regionale si administratiei publice,TITLUL VI TRANSFERURI INTRE UNITATI ALE ADMINISTRATIEI PUBLICE,"583,077"
15,15,7001,Ministerul dezvoltarii regionale si administratiei publice,TITLUL VII ALTE TRANSFERURI,"85,000"
15,15,7001,Ministerul dezvoltarii regionale si administratiei publice,TITLUL XI CHELTUIELI AFERENTE PROGRAMELOR CU FINANTARE RAMBURSABILA,"11,183"
15,15,7001,Ministerul dezvoltarii regionale si administratiei publice,TITLUL XII ACTIVE NEFINANCIARE,"85,578"
15,15,8001,Ministerul dezvoltarii regionale si administratiei publice,ACTIUNI GENERALE ECONOMICE, COMERCIALE SI DE MUNCA,"1,078,131"
15,15,8001,Ministerul dezvoltarii regionale si administratiei publice,TITLUL VII ALTE TRANSFERURI,"258"
15,15,8001,Ministerul dezvoltarii regionale si administratiei publice,TITLUL VIII PROIECTE CU FINANTARE DIN FONDURI EXTERNE NERAMBURSABILE (FEN) POSTADERARE,"1,077,873"
16,0,5001,Ministerul finantelor publice,CHELTUIELI - BUGET DE STAT,"2,785,351"
16,16,5001,Ministerul finantelor publice,TITLUL I CHELTUIELI DE PERSONAL,"1,867,087"
16,16,5001,Ministerul finantelor publice,TITLUL II BUNURI SI SERVICII,"269,194"
16,16,5001,Ministerul finantelor publice,TITLUL VI TRANSFERURI INTRE UNITATI ALE ADMINISTRATIEI PUBLICE,"985"
16,16,5001,Ministerul finantelor publice,TITLUL VII ALTE TRANSFERURI,"13,365"
16,16,5001,Ministerul finantelor publice,TITLUL VIII PROIECTE CU FINANTARE DIN FONDURI EXTERNE NERAMBURSABILE (FEN) POSTADERARE,"85,844"
16,16,5001,Ministerul finantelor publice,TITLUL X ALTE CHELTUIELI,"184,491"
16,16,5001,Ministerul finantelor publice,TITLUL XI CHELTUIELI AFERENTE PROGRAMELOR CU FINANTARE RAMBURSABILA,"18,809"
16,16,5001,Ministerul finantelor publice,TITLUL XII ACTIVE NEFINANCIARE,"75,228"
16,16,5001,Ministerul finantelor publice,TITLUL XIII ACTIVE FINANCIARE,"270,348"
16,16,5101,Ministerul finantelor publice,AUTORITATI PUBLICE SI ACTIUNI EXTERNE,"2,311,835"
16,16,5101,Ministerul finantelor publice,TITLUL I CHELTUIELI DE PERSONAL,"1,867,087"
16,16,5101,Ministerul finantelor publice,TITLUL II BUNURI SI SERVICII,"252,959"
16,16,5101,Ministerul finantelor publice,TITLUL VI TRANSFERURI INTRE UNITATI ALE ADMINISTRATIEI PUBLICE,"985"
16,16,5101,Ministerul finantelor publice,TITLUL VII ALTE TRANSFERURI,"13,032"
16,16,5101,Ministerul finantelor publice,TITLUL VIII PROIECTE CU FINANTARE DIN FONDURI EXTERNE NERAMBURSABILE (FEN) POSTADERARE,"85,844"
16,16,5101,Ministerul finantelor publice,TITLUL XI CHELTUIELI AFERENTE PROGRAMELOR CU FINANTARE RAMBURSABILA,"16,700"
16,16,5101,Ministerul finantelor publice,TITLUL XII ACTIVE NEFINANCIARE,"75,228"
16,16,5401,Ministerul finantelor publice,ALTE SERVICII PUBLICE GENERALE,"471,407"
16,16,5401,Ministerul finantelor publice,TITLUL II BUNURI SI SERVICII,"16,235"
16,16,5401,Ministerul finantelor publice,TITLUL VII ALTE TRANSFERURI,"333"
16,16,5401,Ministerul finantelor publice,TITLUL X ALTE CHELTUIELI,"184,491"
16,16,5401,Ministerul finantelor publice,TITLUL XIII ACTIVE FINANCIARE,"270,348"
16,16,8701,Ministerul finantelor publice,ALTE ACTIUNI ECONOMICE,"2,109"
16,16,8701,Ministerul finantelor publice,TITLUL XI CHELTUIELI AFERENTE PROGRAMELOR CU FINANTARE RAMBURSABILA,"2,109"
17,0,5001,Ministerul justitiei,CHELTUIELI - BUGET DE STAT,"2,301,551"
17,17,5001,Ministerul justitiei,TITLUL I CHELTUIELI DE PERSONAL,"1,293,332"
17,17,5001,Ministerul justitiei,TITLUL II BUNURI SI SERVICII,"157,539"
17,17,5001,Ministerul justitiei,TITLUL VI TRANSFERURI INTRE UNITATI ALE ADMINISTRATIEI PUBLICE,"780,119"
17,17,5001,Ministerul justitiei,TITLUL VII ALTE TRANSFERURI,"1,877"
17,17,5001,Ministerul justitiei,TITLUL VIII PROIECTE CU FINANTARE DIN FONDURI EXTERNE NERAMBURSABILE (FEN) POSTADERARE,"14,448"
17,17,5001,Ministerul justitiei,TITLUL IX ASISTENTA SOCIALA,"186"
17,17,5001,Ministerul justitiei,TITLUL XI CHELTUIELI AFERENTE PROGRAMELOR CU FINANTARE RAMBURSABILA,"19,050"
17,17,5001,Ministerul justitiei,TITLUL XII ACTIVE NEFINANCIARE,"35,000"
17,17,5401,Ministerul justitiei,ALTE SERVICII PUBLICE GENERALE,"284"
17,17,5401,Ministerul justitiei,TITLUL II BUNURI SI SERVICII,"284"
17,17,6101,Ministerul justitiei,ORDINE PUBLICA SI SIGURANTA NATIONALA,"2,298,893"
17,17,6101,Ministerul justitiei,TITLUL I CHELTUIELI DE PERSONAL,"1,293,332"
17,17,6101,Ministerul justitiei,TITLUL II BUNURI SI SERVICII,"157,255"
17,17,6101,Ministerul justitiei,TITLUL VI TRANSFERURI INTRE UNITATI ALE ADMINISTRATIEI PUBLICE,"777,931"
17,17,6101,Ministerul justitiei,TITLUL VII ALTE TRANSFERURI,"1,877"
17,17,6101,Ministerul justitiei,TITLUL VIII PROIECTE CU FINANTARE DIN FONDURI EXTERNE NERAMBURSABILE (FEN) POSTADERARE,"14,448"
17,17,6101,Ministerul justitiei,TITLUL XI CHELTUIELI AFERENTE PROGRAMELOR CU FINANTARE RAMBURSABILA,"19,050"
17,17,6101,Ministerul justitiei,TITLUL XII ACTIVE NEFINANCIARE,"35,000"
17,17,6801,Ministerul justitiei,ASIGURARI SI ASISTENTA SOCIALA,"2,374"
17,17,6801,Ministerul justitiei,TITLUL VI TRANSFERURI INTRE UNITATI ALE ADMINISTRATIEI PUBLICE,"2,188"
17,17,6801,Ministerul justitiei,TITLUL IX ASISTENTA SOCIALA,"186"
18,0,5001,Ministerul apararii nationale,CHELTUIELI - BUGET DE STAT,"5,194,905"
18,18,5001,Ministerul apararii nationale,TITLUL I CHELTUIELI DE PERSONAL,"3,909,976"
18,18,5001,Ministerul apararii nationale,TITLUL II BUNURI SI SERVICII,"591,907"
18,18,5001,Ministerul apararii nationale,TITLUL VI TRANSFERURI INTRE UNITATI ALE ADMINISTRATIEI PUBLICE,"181,209"
18,18,5001,Ministerul apararii nationale,TITLUL VII ALTE TRANSFERURI,"116,032"
18,18,5001,Ministerul apararii nationale,TITLUL IX ASISTENTA SOCIALA,"80,092"
18,18,5001,Ministerul apararii nationale,TITLUL X ALTE CHELTUIELI,"4,254"
18,18,5001,Ministerul apararii nationale,TITLUL XII ACTIVE NEFINANCIARE,"311,435"
18,18,5101,Ministerul apararii nationale,AUTORITATI PUBLICE SI ACTIUNI EXTERNE,"1,784"
18,18,5101,Ministerul apararii nationale,TITLUL I CHELTUIELI DE PERSONAL,"1,454"
18,18,5101,Ministerul apararii nationale,TITLUL II BUNURI SI SERVICII,"178"
18,18,5101,Ministerul apararii nationale,TITLUL VI TRANSFERURI INTRE UNITATI ALE ADMINISTRATIEI PUBLICE,"2"
18,18,5101,Ministerul apararii nationale,TITLUL VII ALTE TRANSFERURI,"150"
18,18,5401,Ministerul apararii nationale,ALTE SERVICII PUBLICE GENERALE,"3,080"
18,18,5401,Ministerul apararii nationale,TITLUL II BUNURI SI SERVICII,"80"
18,18,5401,Ministerul apararii nationale,TITLUL X ALTE CHELTUIELI,"3,000"
18,18,6001,Ministerul apararii nationale,APARARE,"4,465,696"
18,18,6001,Ministerul apararii nationale,TITLUL I CHELTUIELI DE PERSONAL,"3,493,232"
18,18,6001,Ministerul apararii nationale,TITLUL II BUNURI SI SERVICII,"482,590"
18,18,6001,Ministerul apararii nationale,TITLUL VI TRANSFERURI INTRE UNITATI ALE ADMINISTRATIEI PUBLICE,"94,552"
18,18,6001,Ministerul apararii nationale,TITLUL VII ALTE TRANSFERURI,"115,882"
18,18,6001,Ministerul apararii nationale,TITLUL IX ASISTENTA SOCIALA,"105"
18,18,6001,Ministerul apararii nationale,TITLUL X ALTE CHELTUIELI,"250"
18,18,6001,Ministerul apararii nationale,TITLUL XII ACTIVE NEFINANCIARE,"279,085"
18,18,6101,Ministerul apararii nationale,ORDINE PUBLICA SI SIGURANTA NATIONALA,"332,701"
18,18,6101,Ministerul apararii nationale,TITLUL I CHELTUIELI DE PERSONAL,"265,231"
18,18,6101,Ministerul apararii nationale,TITLUL II BUNURI SI SERVICII,"37,280"
18,18,6101,Ministerul apararii nationale,TITLUL VI TRANSFERURI INTRE UNITATI ALE ADMINISTRATIEI PUBLICE,"26"
18,18,6101,Ministerul apararii nationale,TITLUL XII ACTIVE NEFINANCIARE,"30,164"
18,18,6501,Ministerul apararii nationale,INVATAMANT,"212,882"
18,18,6501,Ministerul apararii nationale,TITLUL I CHELTUIELI DE PERSONAL,"140,004"
18,18,6501,Ministerul apararii nationale,TITLUL II BUNURI SI SERVICII,"70,263"
18,18,6501,Ministerul apararii nationale,TITLUL IX ASISTENTA SOCIALA,"512"
18,18,6501,Ministerul apararii nationale,TITLUL XII ACTIVE NEFINANCIARE,"2,103"
18,18,6601,Ministerul apararii nationale,SANATATE,"54,024"
18,18,6601,Ministerul apararii nationale,TITLUL I CHELTUIELI DE PERSONAL,"9,417"
18,18,6601,Ministerul apararii nationale,TITLUL II BUNURI SI SERVICII,"1,196"
18,18,6601,Ministerul apararii nationale,TITLUL VI TRANSFERURI INTRE UNITATI ALE ADMINISTRATIEI PUBLICE,"43,328"
18,18,6601,Ministerul apararii nationale,TITLUL XII ACTIVE NEFINANCIARE,"83"
18,18,6701,Ministerul apararii nationale,CULTURA, RECREERE SI RELIGIE,"42,369"
18,18,6701,Ministerul apararii nationale,TITLUL VI TRANSFERURI INTRE UNITATI ALE ADMINISTRATIEI PUBLICE,"42,369"
18,18,6801,Ministerul apararii nationale,ASIGURARI SI ASISTENTA SOCIALA,"81,365"
18,18,6801,Ministerul apararii nationale,TITLUL I CHELTUIELI DE PERSONAL,"638"
18,18,6801,Ministerul apararii nationale,TITLUL II BUNURI SI SERVICII,"320"
18,18,6801,Ministerul apararii nationale,TITLUL VI TRANSFERURI INTRE UNITATI ALE ADMINISTRATIEI PUBLICE,"932"
18,18,6801,Ministerul apararii nationale,TITLUL IX ASISTENTA SOCIALA,"79,475"
18,18,8401,Ministerul apararii nationale,TRANSPORTURI,"1,004"
18,18,8401,Ministerul apararii nationale,TITLUL X ALTE CHELTUIELI,"1,004"
19,0,5001,Ministerul afacerilor interne,CHELTUIELI - BUGET DE STAT,"7,972,817"
19,19,5001,Ministerul afacerilor interne,TITLUL I CHELTUIELI DE PERSONAL,"6,962,379"
19,19,5001,Ministerul afacerilor interne,TITLUL II BUNURI SI SERVICII,"394,854"
19,19,5001,Ministerul afacerilor interne,TITLUL VI TRANSFERURI INTRE UNITATI ALE ADMINISTRATIEI PUBLICE,"85,494"
19,19,5001,Ministerul afacerilor interne,TITLUL VII ALTE TRANSFERURI,"7,179"
19,19,5001,Ministerul afacerilor interne,TITLUL VIII PROIECTE CU FINANTARE DIN FONDURI EXTERNE NERAMBURSABILE (FEN) POSTADERARE,"168,993"
19,19,5001,Ministerul afacerilor interne,TITLUL IX ASISTENTA SOCIALA,"62,794"
19,19,5001,Ministerul afacerilor interne,TITLUL X ALTE CHELTUIELI,"6,285"
19,19,5001,Ministerul afacerilor interne,TITLUL XI CHELTUIELI AFERENTE PROGRAMELOR CU FINANTARE RAMBURSABILA,"4,122"
19,19,5001,Ministerul afacerilor interne,TITLUL XII ACTIVE NEFINANCIARE,"280,717"
19,19,5101,Ministerul afacerilor interne,AUTORITATI PUBLICE SI ACTIUNI EXTERNE,"117,102"
19,19,5101,Ministerul afacerilor interne,TITLUL I CHELTUIELI DE PERSONAL,"80,903"
19,19,5101,Ministerul afacerilor interne,TITLUL II BUNURI SI SERVICII,"18,513"
19,19,5101,Ministerul afacerilor interne,TITLUL VII ALTE TRANSFERURI,"50"
19,19,5101,Ministerul afacerilor interne,TITLUL VIII PROIECTE CU FINANTARE DIN FONDURI EXTERNE NERAMBURSABILE (FEN) POSTADERARE,"16,088"
19,19,5101,Ministerul afacerilor interne,TITLUL X ALTE CHELTUIELI,"1,185"
19,19,5101,Ministerul afacerilor interne,TITLUL XII ACTIVE NEFINANCIARE,"363"
19,19,6101,Ministerul afacerilor interne,ORDINE PUBLICA SI SIGURANTA NATIONALA,"7,426,357"
19,19,6101,Ministerul afacerilor interne,TITLUL I CHELTUIELI DE PERSONAL,"6,798,215"
19,19,6101,Ministerul afacerilor interne,TITLUL II BUNURI SI SERVICII,"337,757"
19,19,6101,Ministerul afacerilor interne,TITLUL VI TRANSFERURI INTRE UNITATI ALE ADMINISTRATIEI PUBLICE,"50,216"
19,19,6101,Ministerul afacerilor interne,TITLUL VII ALTE TRANSFERURI,"7,129"
19,19,6101,Ministerul afacerilor interne,TITLUL VIII PROIECTE CU FINANTARE DIN FONDURI EXTERNE NERAMBURSABILE (FEN) POSTADERARE,"149,905"
19,19,6101,Ministerul afacerilor interne,TITLUL X ALTE CHELTUIELI,"4,200"
19,19,6101,Ministerul afacerilor interne,TITLUL XI CHELTUIELI AFERENTE PROGRAMELOR CU FINANTARE RAMBURSABILA,"4,122"
19,19,6101,Ministerul afacerilor interne,TITLUL XII ACTIVE NEFINANCIARE,"74,813"
19,19,6501,Ministerul afacerilor interne,INVATAMANT,"120,973"
19,19,6501,Ministerul afacerilor interne,TITLUL I CHELTUIELI DE PERSONAL,"83,261"
19,19,6501,Ministerul afacerilor interne,TITLUL II BUNURI SI SERVICII,"31,101"
19,19,6501,Ministerul afacerilor interne,TITLUL VIII PROIECTE CU FINANTARE DIN FONDURI EXTERNE NERAMBURSABILE (FEN) POSTADERARE,"3,000"
19,19,6501,Ministerul afacerilor interne,TITLUL IX ASISTENTA SOCIALA,"220"
19,19,6501,Ministerul afacerilor interne,TITLUL X ALTE CHELTUIELI,"400"
19,19,6501,Ministerul afacerilor interne,TITLUL XII ACTIVE NEFINANCIARE,"2,991"
19,19,6701,Ministerul afacerilor interne,CULTURA, RECREERE SI RELIGIE,"33,126"
19,19,6701,Ministerul afacerilor interne,TITLUL VI TRANSFERURI INTRE UNITATI ALE ADMINISTRATIEI PUBLICE,"33,126"
19,19,6801,Ministerul afacerilor interne,ASIGURARI SI ASISTENTA SOCIALA,"67,726"
19,19,6801,Ministerul afacerilor interne,TITLUL II BUNURI SI SERVICII,"2,500"
19,19,6801,Ministerul afacerilor interne,TITLUL VI TRANSFERURI INTRE UNITATI ALE ADMINISTRATIEI PUBLICE,"2,152"
19,19,6801,Ministerul afacerilor interne,TITLUL IX ASISTENTA SOCIALA,"62,574"
19,19,6801,Ministerul afacerilor interne,TITLUL X ALTE CHELTUIELI,"500"
19,19,8001,Ministerul afacerilor interne,ACTIUNI GENERALE ECONOMICE, COMERCIALE SI DE MUNCA,"207,533"
19,19,8001,Ministerul afacerilor interne,TITLUL II BUNURI SI SERVICII,"4,983"
19,19,8001,Ministerul afacerilor interne,TITLUL XII ACTIVE NEFINANCIARE,"202,550"
20,0,5001,Ministerul muncii, familiei, protectiei sociale si persoanelor varstnice,CHELTUIELI - BUGET DE STAT,"30,440,524"
20,20,5001,Ministerul muncii, familiei, protectiei sociale si persoanelor varstnice,TITLUL I CHELTUIELI DE PERSONAL,"214,176"
20,20,5001,Ministerul muncii, familiei, protectiei sociale si persoanelor varstnice,TITLUL II BUNURI SI SERVICII,"175,736"
20,20,5001,Ministerul muncii, familiei, protectiei sociale si persoanelor varstnice,TITLUL VI TRANSFERURI INTRE UNITATI ALE ADMINISTRATIEI PUBLICE,"16,034,136"
20,20,5001,Ministerul muncii, familiei, protectiei sociale si persoanelor varstnice,TITLUL VII ALTE TRANSFERURI,"4,672"
20,20,5001,Ministerul muncii, familiei, protectiei sociale si persoanelor varstnice,TITLUL VIII PROIECTE CU FINANTARE DIN FONDURI EXTERNE NERAMBURSABILE (FEN) POSTADERARE,"325,646"
20,20,5001,Ministerul muncii, familiei, protectiei sociale si persoanelor varstnice,TITLUL IX ASISTENTA SOCIALA,"13,572,736"
20,20,5001,Ministerul muncii, familiei, protectiei sociale si persoanelor varstnice,TITLUL X ALTE CHELTUIELI,"30,600"
20,20,5001,Ministerul muncii, familiei, protectiei sociale si persoanelor varstnice,TITLUL XI CHELTUIELI AFERENTE PROGRAMELOR CU FINANTARE RAMBURSABILA,"78,726"
20,20,5001,Ministerul muncii, familiei, protectiei sociale si persoanelor varstnice,TITLUL XII ACTIVE NEFINANCIARE,"3,746"
20,20,5001,Ministerul muncii, familiei, protectiei sociale si persoanelor varstnice,TITLUL XV IMPRUMUTURI,"350"
20,20,5601,Ministerul muncii, familiei, protectiei sociale si persoanelor varstnice,TRANSFERURI CU CARACTER GENERAL INTRE DIFERITE NIVELE ALE ADMINISTRATIEI,"13,519,277"
20,20,5601,Ministerul muncii, familiei, protectiei sociale si persoanelor varstnice,TITLUL VI TRANSFERURI INTRE UNITATI ALE ADMINISTRATIEI PUBLICE,"13,519,277"
20,20,6801,Ministerul muncii, familiei, protectiei sociale si persoanelor varstnice,ASIGURARI SI ASISTENTA SOCIALA,"16,921,247"
20,20,6801,Ministerul muncii, familiei, protectiei sociale si persoanelor varstnice,TITLUL I CHELTUIELI DE PERSONAL,"214,176"
20,20,6801,Ministerul muncii, familiei, protectiei sociale si persoanelor varstnice,TITLUL II BUNURI SI SERVICII,"175,736"
20,20,6801,Ministerul muncii, familiei, protectiei sociale si persoanelor varstnice,TITLUL VI TRANSFERURI INTRE UNITATI ALE ADMINISTRATIEI PUBLICE,"2,514,859"
20,20,6801,Ministerul muncii, familiei, protectiei sociale si persoanelor varstnice,TITLUL VII ALTE TRANSFERURI,"4,672"
20,20,6801,Ministerul muncii, familiei, protectiei sociale si persoanelor varstnice,TITLUL VIII PROIECTE CU FINANTARE DIN FONDURI EXTERNE NERAMBURSABILE (FEN) POSTADERARE,"325,646"
20,20,6801,Ministerul muncii, familiei, protectiei sociale si persoanelor varstnice,TITLUL IX ASISTENTA SOCIALA,"13,572,736"
20,20,6801,Ministerul muncii, familiei, protectiei sociale si persoanelor varstnice,TITLUL X ALTE CHELTUIELI,"30,600"
20,20,6801,Ministerul muncii, familiei, protectiei sociale si persoanelor varstnice,TITLUL XI CHELTUIELI AFERENTE PROGRAMELOR CU FINANTARE RAMBURSABILA,"78,726"
20,20,6801,Ministerul muncii, familiei, protectiei sociale si persoanelor varstnice,TITLUL XII ACTIVE NEFINANCIARE,"3,746"
20,20,6801,Ministerul muncii, familiei, protectiei sociale si persoanelor varstnice,TITLUL XV IMPRUMUTURI,"350"
21,0,5001,Ministerul tineretului si sportului,CHELTUIELI - BUGET DE STAT,"302,374"
21,21,5001,Ministerul tineretului si sportului,TITLUL I CHELTUIELI DE PERSONAL,"6,250"
21,21,5001,Ministerul tineretului si sportului,TITLUL II BUNURI SI SERVICII,"2,854"
21,21,5001,Ministerul tineretului si sportului,TITLUL VI TRANSFERURI INTRE UNITATI ALE ADMINISTRATIEI PUBLICE,"158,572"
21,21,5001,Ministerul tineretului si sportului,TITLUL VII ALTE TRANSFERURI,"14,725"
21,21,5001,Ministerul tineretului si sportului,TITLUL VIII PROIECTE CU FINANTARE DIN FONDURI EXTERNE NERAMBURSABILE (FEN) POSTADERARE,"6,236"
21,21,5001,Ministerul tineretului si sportului,TITLUL IX ASISTENTA SOCIALA,"23,600"
21,21,5001,Ministerul tineretului si sportului,TITLUL X ALTE CHELTUIELI,"89,587"
21,21,5001,Ministerul tineretului si sportului,TITLUL XII ACTIVE NEFINANCIARE,"550"
21,21,6501,Ministerul tineretului si sportului,INVATAMANT,"58,915"
21,21,6501,Ministerul tineretului si sportului,TITLUL VI TRANSFERURI INTRE UNITATI ALE ADMINISTRATIEI PUBLICE,"58,915"
21,21,6701,Ministerul tineretului si sportului,CULTURA, RECREERE SI RELIGIE,"219,859"
21,21,6701,Ministerul tineretului si sportului,TITLUL I CHELTUIELI DE PERSONAL,"6,250"
21,21,6701,Ministerul tineretului si sportului,TITLUL II BUNURI SI SERVICII,"2,854"
21,21,6701,Ministerul tineretului si sportului,TITLUL VI TRANSFERURI INTRE UNITATI ALE ADMINISTRATIEI PUBLICE,"99,657"
21,21,6701,Ministerul tineretului si sportului,TITLUL VII ALTE TRANSFERURI,"14,725"
21,21,6701,Ministerul tineretului si sportului,TITLUL VIII PROIECTE CU FINANTARE DIN FONDURI EXTERNE NERAMBURSABILE (FEN) POSTADERARE,"6,236"
21,21,6701,Ministerul tineretului si sportului,TITLUL X ALTE CHELTUIELI,"89,587"
21,21,6701,Ministerul tineretului si sportului,TITLUL XII ACTIVE NEFINANCIARE,"550"
21,21,6801,Ministerul tineretului si sportului,ASIGURARI SI ASISTENTA SOCIALA,"23,600"
21,21,6801,Ministerul tineretului si sportului,TITLUL IX ASISTENTA SOCIALA,"23,600"
22,0,5001,Ministerul agriculturii si dezvoltarii rurale,CHELTUIELI - BUGET DE STAT,"5,562,740"
22,22,5001,Ministerul agriculturii si dezvoltarii rurale,TITLUL I CHELTUIELI DE PERSONAL,"343,324"
22,22,5001,Ministerul agriculturii si dezvoltarii rurale,TITLUL II BUNURI SI SERVICII,"129,544"
22,22,5001,Ministerul agriculturii si dezvoltarii rurale,TITLUL III DOBANZI,"600"
22,22,5001,Ministerul agriculturii si dezvoltarii rurale,TITLUL IV SUBVENTII,"1,364,088"
22,22,5001,Ministerul agriculturii si dezvoltarii rurale,TITLUL VI TRANSFERURI INTRE UNITATI ALE ADMINISTRATIEI PUBLICE,"330,125"
22,22,5001,Ministerul agriculturii si dezvoltarii rurale,TITLUL VII ALTE TRANSFERURI,"869,076"
22,22,5001,Ministerul agriculturii si dezvoltarii rurale,TITLUL VIII PROIECTE CU FINANTARE DIN FONDURI EXTERNE NERAMBURSABILE (FEN) POSTADERARE,"2,297,055"
22,22,5001,Ministerul agriculturii si dezvoltarii rurale,TITLUL IX ASISTENTA SOCIALA,"20"
22,22,5001,Ministerul agriculturii si dezvoltarii rurale,TITLUL X ALTE CHELTUIELI,"60,219"
22,22,5001,Ministerul agriculturii si dezvoltarii rurale,TITLUL XI CHELTUIELI AFERENTE PROGRAMELOR CU FINANTARE RAMBURSABILA,"26,389"
22,22,5001,Ministerul agriculturii si dezvoltarii rurale,TITLUL XII ACTIVE NEFINANCIARE,"38,700"
22,22,5001,Ministerul agriculturii si dezvoltarii rurale,TITLUL XV IMPRUMUTURI,"100,000"
22,22,5001,Ministerul agriculturii si dezvoltarii rurale,TITLUL XVI RAMBURSARI DE CREDITE,"3,600"
22,22,6801,Ministerul agriculturii si dezvoltarii rurale,ASIGURARI SI ASISTENTA SOCIALA,"20"
22,22,6801,Ministerul agriculturii si dezvoltarii rurale,TITLUL IX ASISTENTA SOCIALA,"20"
22,22,8001,Ministerul agriculturii si dezvoltarii rurale,ACTIUNI GENERALE ECONOMICE, COMERCIALE SI DE MUNCA,"7,547"
22,22,8001,Ministerul agriculturii si dezvoltarii rurale,TITLUL VII ALTE TRANSFERURI,"7,547"
22,22,8301,Ministerul agriculturii si dezvoltarii rurale,AGRICULTURA, SILVICULTURA, PISCICULTURA SI VANATOARE,"5,526,551"
22,22,8301,Ministerul agriculturii si dezvoltarii rurale,TITLUL I CHELTUIELI DE PERSONAL,"343,324"
22,22,8301,Ministerul agriculturii si dezvoltarii rurale,TITLUL II BUNURI SI SERVICII,"129,544"
22,22,8301,Ministerul agriculturii si dezvoltarii rurale,TITLUL III DOBANZI,"600"
22,22,8301,Ministerul agriculturii si dezvoltarii rurale,TITLUL IV SUBVENTII,"1,364,088"
22,22,8301,Ministerul agriculturii si dezvoltarii rurale,TITLUL VI TRANSFERURI INTRE UNITATI ALE ADMINISTRATIEI PUBLICE,"301,503"
22,22,8301,Ministerul agriculturii si dezvoltarii rurale,TITLUL VII ALTE TRANSFERURI,"861,529"
22,22,8301,Ministerul agriculturii si dezvoltarii rurale,TITLUL VIII PROIECTE CU FINANTARE DIN FONDURI EXTERNE NERAMBURSABILE (FEN) POSTADERARE,"2,297,055"
22,22,8301,Ministerul agriculturii si dezvoltarii rurale,TITLUL X ALTE CHELTUIELI,"60,219"
22,22,8301,Ministerul agriculturii si dezvoltarii rurale,TITLUL XI CHELTUIELI AFERENTE PROGRAMELOR CU FINANTARE RAMBURSABILA,"26,389"
22,22,8301,Ministerul agriculturii si dezvoltarii rurale,TITLUL XII ACTIVE NEFINANCIARE,"38,700"
22,22,8301,Ministerul agriculturii si dezvoltarii rurale,TITLUL XV IMPRUMUTURI,"100,000"
22,22,8301,Ministerul agriculturii si dezvoltarii rurale,TITLUL XVI RAMBURSARI DE CREDITE,"3,600"
22,22,8601,Ministerul agriculturii si dezvoltarii rurale,CERCETARE SI DEZVOLTARE IN DOMENIUL ECONOMIC,"28,622"
22,22,8601,Ministerul agriculturii si dezvoltarii rurale,TITLUL VI TRANSFERURI INTRE UNITATI ALE ADMINISTRATIEI PUBLICE,"28,622"
23,0,5001,Ministerul mediului si schimbarilor climatice,CHELTUIELI - BUGET DE STAT,"2,084,271"
23,23,5001,Ministerul mediului si schimbarilor climatice,TITLUL I CHELTUIELI DE PERSONAL,"149,731"
23,23,5001,Ministerul mediului si schimbarilor climatice,TITLUL II BUNURI SI SERVICII,"100,281"
23,23,5001,Ministerul mediului si schimbarilor climatice,TITLUL III DOBANZI,"10,300"
23,23,5001,Ministerul mediului si schimbarilor climatice,TITLUL VI TRANSFERURI INTRE UNITATI ALE ADMINISTRATIEI PUBLICE,"36,610"
23,23,5001,Ministerul mediului si schimbarilor climatice,TITLUL VII ALTE TRANSFERURI,"72,504"
23,23,5001,Ministerul mediului si schimbarilor climatice,TITLUL VIII PROIECTE CU FINANTARE DIN FONDURI EXTERNE NERAMBURSABILE (FEN) POSTADERARE,"1,463,136"
23,23,5001,Ministerul mediului si schimbarilor climatice,TITLUL X ALTE CHELTUIELI,"3,256"
23,23,5001,Ministerul mediului si schimbarilor climatice,TITLUL XI CHELTUIELI AFERENTE PROGRAMELOR CU FINANTARE RAMBURSABILA,"108,552"
23,23,5001,Ministerul mediului si schimbarilor climatice,TITLUL XII ACTIVE NEFINANCIARE,"93,401"
23,23,5001,Ministerul mediului si schimbarilor climatice,TITLUL XVI RAMBURSARI DE CREDITE,"46,500"
23,23,7001,Ministerul mediului si schimbarilor climatice,LOCUINTE, SERVICII SI DEZVOLTARE PUBLICA,"349,583"
23,23,7001,Ministerul mediului si schimbarilor climatice,TITLUL II BUNURI SI SERVICII,"7,000"
23,23,7001,Ministerul mediului si schimbarilor climatice,TITLUL VII ALTE TRANSFERURI,"5,000"
23,23,7001,Ministerul mediului si schimbarilor climatice,TITLUL VIII PROIECTE CU FINANTARE DIN FONDURI EXTERNE NERAMBURSABILE (FEN) POSTADERARE,"200,000"
23,23,7001,Ministerul mediului si schimbarilor climatice,TITLUL XI CHELTUIELI AFERENTE PROGRAMELOR CU FINANTARE RAMBURSABILA,"97,552"
23,23,7001,Ministerul mediului si schimbarilor climatice,TITLUL XII ACTIVE NEFINANCIARE,"40,031"
23,23,7401,Ministerul mediului si schimbarilor climatice,PROTECTIA MEDIULUI,"1,613,472"
23,23,7401,Ministerul mediului si schimbarilor climatice,TITLUL I CHELTUIELI DE PERSONAL,"130,910"
23,23,7401,Ministerul mediului si schimbarilor climatice,TITLUL II BUNURI SI SERVICII,"38,206"
23,23,7401,Ministerul mediului si schimbarilor climatice,TITLUL III DOBANZI,"10,300"
23,23,7401,Ministerul mediului si schimbarilor climatice,TITLUL VI TRANSFERURI INTRE UNITATI ALE ADMINISTRATIEI PUBLICE,"36,610"
23,23,7401,Ministerul mediului si schimbarilor climatice,TITLUL VII ALTE TRANSFERURI,"43,004"
23,23,7401,Ministerul mediului si schimbarilor climatice,TITLUL VIII PROIECTE CU FINANTARE DIN FONDURI EXTERNE NERAMBURSABILE (FEN) POSTADERARE,"1,256,986"
23,23,7401,Ministerul mediului si schimbarilor climatice,TITLUL X ALTE CHELTUIELI,"2,756"
23,23,7401,Ministerul mediului si schimbarilor climatice,TITLUL XII ACTIVE NEFINANCIARE,"48,200"
23,23,7401,Ministerul mediului si schimbarilor climatice,TITLUL XVI RAMBURSARI DE CREDITE,"46,500"
23,23,8001,Ministerul mediului si schimbarilor climatice,ACTIUNI GENERALE ECONOMICE, COMERCIALE SI DE MUNCA,"45,405"
23,23,8001,Ministerul mediului si schimbarilor climatice,TITLUL II BUNURI SI SERVICII,"44,905"
23,23,8001,Ministerul mediului si schimbarilor climatice,TITLUL VII ALTE TRANSFERURI,"500"
23,23,8301,Ministerul mediului si schimbarilor climatice,AGRICULTURA, SILVICULTURA, PISCICULTURA SI VANATOARE,"75,811"
23,23,8301,Ministerul mediului si schimbarilor climatice,TITLUL I CHELTUIELI DE PERSONAL,"18,821"
23,23,8301,Ministerul mediului si schimbarilor climatice,TITLUL II BUNURI SI SERVICII,"10,170"
23,23,8301,Ministerul mediului si schimbarilor climatice,TITLUL VII ALTE TRANSFERURI,"24,000"
23,23,8301,Ministerul mediului si schimbarilor climatice,TITLUL VIII PROIECTE CU FINANTARE DIN FONDURI EXTERNE NERAMBURSABILE (FEN) POSTADERARE,"6,150"
23,23,8301,Ministerul mediului si schimbarilor climatice,TITLUL X ALTE CHELTUIELI,"500"
23,23,8301,Ministerul mediului si schimbarilor climatice,TITLUL XI CHELTUIELI AFERENTE PROGRAMELOR CU FINANTARE RAMBURSABILA,"11,000"
23,23,8301,Ministerul mediului si schimbarilor climatice,TITLUL XII ACTIVE NEFINANCIARE,"5,170"
24,0,5001,Ministerul transporturilor,CHELTUIELI - BUGET DE STAT,"7,291,157"
24,24,5001,Ministerul transporturilor,TITLUL I CHELTUIELI DE PERSONAL,"22,649"
24,24,5001,Ministerul transporturilor,TITLUL II BUNURI SI SERVICII,"9,281"
24,24,5001,Ministerul transporturilor,TITLUL III DOBANZI,"52,185"
24,24,5001,Ministerul transporturilor,TITLUL IV SUBVENTII,"1,598,415"
24,24,5001,Ministerul transporturilor,TITLUL VI TRANSFERURI INTRE UNITATI ALE ADMINISTRATIEI PUBLICE,"916,406"
24,24,5001,Ministerul transporturilor,TITLUL VII ALTE TRANSFERURI,"599,696"
24,24,5001,Ministerul transporturilor,TITLUL VIII PROIECTE CU FINANTARE DIN FONDURI EXTERNE NERAMBURSABILE (FEN) POSTADERARE,"3,386,376"
24,24,5001,Ministerul transporturilor,TITLUL IX ASISTENTA SOCIALA,"100,000"
24,24,5001,Ministerul transporturilor,TITLUL X ALTE CHELTUIELI,"29,398"
24,24,5001,Ministerul transporturilor,TITLUL XI CHELTUIELI AFERENTE PROGRAMELOR CU FINANTARE RAMBURSABILA,"289,406"
24,24,5001,Ministerul transporturilor,TITLUL XII ACTIVE NEFINANCIARE,"3,149"
24,24,5001,Ministerul transporturilor,TITLUL XVI RAMBURSARI DE CREDITE,"284,196"
24,24,5401,Ministerul transporturilor,ALTE SERVICII PUBLICE GENERALE,"15"
24,24,5401,Ministerul transporturilor,TITLUL II BUNURI SI SERVICII,"3"
24,24,5401,Ministerul transporturilor,TITLUL XII ACTIVE NEFINANCIARE,"12"
24,24,6601,Ministerul transporturilor,SANATATE,"23,341"
24,24,6601,Ministerul transporturilor,TITLUL VI TRANSFERURI INTRE UNITATI ALE ADMINISTRATIEI PUBLICE,"23,341"
24,24,6701,Ministerul transporturilor,CULTURA, RECREERE SI RELIGIE,"7,100"
24,24,6701,Ministerul transporturilor,TITLUL VI TRANSFERURI INTRE UNITATI ALE ADMINISTRATIEI PUBLICE,"7,100"
24,24,6801,Ministerul transporturilor,ASIGURARI SI ASISTENTA SOCIALA,"100,000"
24,24,6801,Ministerul transporturilor,TITLUL IX ASISTENTA SOCIALA,"100,000"
24,24,8401,Ministerul transporturilor,TRANSPORTURI,"7,160,701"
24,24,8401,Ministerul transporturilor,TITLUL I CHELTUIELI DE PERSONAL,"22,649"
24,24,8401,Ministerul transporturilor,TITLUL II BUNURI SI SERVICII,"9,278"
24,24,8401,Ministerul transporturilor,TITLUL III DOBANZI,"52,185"
24,24,8401,Ministerul transporturilor,TITLUL IV SUBVENTII,"1,598,415"
24,24,8401,Ministerul transporturilor,TITLUL VI TRANSFERURI INTRE UNITATI ALE ADMINISTRATIEI PUBLICE,"885,965"
24,24,8401,Ministerul transporturilor,TITLUL VII ALTE TRANSFERURI,"599,696"
24,24,8401,Ministerul transporturilor,TITLUL VIII PROIECTE CU FINANTARE DIN FONDURI EXTERNE NERAMBURSABILE (FEN) POSTADERARE,"3,386,376"
24,24,8401,Ministerul transporturilor,TITLUL X ALTE CHELTUIELI,"29,398"
24,24,8401,Ministerul transporturilor,TITLUL XI CHELTUIELI AFERENTE PROGRAMELOR CU FINANTARE RAMBURSABILA,"289,406"
24,24,8401,Ministerul transporturilor,TITLUL XII ACTIVE NEFINANCIARE,"3,137"
24,24,8401,Ministerul transporturilor,TITLUL XVI RAMBURSARI DE CREDITE,"284,196"
25,0,5001,Ministerul educatiei nationale,CHELTUIELI - BUGET DE STAT,"5,298,804"
25,25,5001,Ministerul educatiei nationale,TITLUL I CHELTUIELI DE PERSONAL,"304,640"
25,25,5001,Ministerul educatiei nationale,TITLUL II BUNURI SI SERVICII,"99,620"
25,25,5001,Ministerul educatiei nationale,TITLUL VI TRANSFERURI INTRE UNITATI ALE ADMINISTRATIEI PUBLICE,"2,020,633"
25,25,5001,Ministerul educatiei nationale,TITLUL VII ALTE TRANSFERURI,"1,150,421"
25,25,5001,Ministerul educatiei nationale,TITLUL VIII PROIECTE CU FINANTARE DIN FONDURI EXTERNE NERAMBURSABILE (FEN) POSTADERARE,"843,784"
25,25,5001,Ministerul educatiei nationale,TITLUL IX ASISTENTA SOCIALA,"299,998"
25,25,5001,Ministerul educatiei nationale,TITLUL X ALTE CHELTUIELI,"433,741"
25,25,5001,Ministerul educatiei nationale,TITLUL XI CHELTUIELI AFERENTE PROGRAMELOR CU FINANTARE RAMBURSABILA,"50,000"
25,25,5001,Ministerul educatiei nationale,TITLUL XII ACTIVE NEFINANCIARE,"95,967"
25,25,5301,Ministerul educatiei nationale,CERCETARE FUNDAMENTALA SI CERCETARE DEZVOLTARE,"1,688,290"
25,25,5301,Ministerul educatiei nationale,TITLUL II BUNURI SI SERVICII,"3,350"
25,25,5301,Ministerul educatiei nationale,TITLUL VI TRANSFERURI INTRE UNITATI ALE ADMINISTRATIEI PUBLICE,"16,248"
25,25,5301,Ministerul educatiei nationale,TITLUL VII ALTE TRANSFERURI,"1,106,921"
25,25,5301,Ministerul educatiei nationale,TITLUL VIII PROIECTE CU FINANTARE DIN FONDURI EXTERNE NERAMBURSABILE (FEN) POSTADERARE,"561,771"
25,25,6501,Ministerul educatiei nationale,INVATAMANT,"3,527,734"
25,25,6501,Ministerul educatiei nationale,TITLUL I CHELTUIELI DE PERSONAL,"304,640"
25,25,6501,Ministerul educatiei nationale,TITLUL II BUNURI SI SERVICII,"96,070"
25,25,6501,Ministerul educatiei nationale,TITLUL VI TRANSFERURI INTRE UNITATI ALE ADMINISTRATIEI PUBLICE,"1,964,905"
25,25,6501,Ministerul educatiei nationale,TITLUL VII ALTE TRANSFERURI,"400"
25,25,6501,Ministerul educatiei nationale,TITLUL VIII PROIECTE CU FINANTARE DIN FONDURI EXTERNE NERAMBURSABILE (FEN) POSTADERARE,"282,013"
25,25,6501,Ministerul educatiei nationale,TITLUL IX ASISTENTA SOCIALA,"299,998"
25,25,6501,Ministerul educatiei nationale,TITLUL X ALTE CHELTUIELI,"433,741"
25,25,6501,Ministerul educatiei nationale,TITLUL XI CHELTUIELI AFERENTE PROGRAMELOR CU FINANTARE RAMBURSABILA,"50,000"
25,25,6501,Ministerul educatiei nationale,TITLUL XII ACTIVE NEFINANCIARE,"95,967"
25,25,6701,Ministerul educatiei nationale,CULTURA, RECREERE SI RELIGIE,"39,680"
25,25,6701,Ministerul educatiei nationale,TITLUL II BUNURI SI SERVICII,"200"
25,25,6701,Ministerul educatiei nationale,TITLUL VI TRANSFERURI INTRE UNITATI ALE ADMINISTRATIEI PUBLICE,"39,480"
25,25,7401,Ministerul educatiei nationale,PROTECTIA MEDIULUI,"43,100"
25,25,7401,Ministerul educatiei nationale,TITLUL VII ALTE TRANSFERURI,"43,100"
26,0,5001,Ministerul sanatatii,CHELTUIELI - BUGET DE STAT,"7,226,673"
26,26,5001,Ministerul sanatatii,TITLUL I CHELTUIELI DE PERSONAL,"573,269"
26,26,5001,Ministerul sanatatii,TITLUL II BUNURI SI SERVICII,"1,090,688"
26,26,5001,Ministerul sanatatii,TITLUL VI TRANSFERURI INTRE UNITATI ALE ADMINISTRATIEI PUBLICE,"5,438,101"
26,26,5001,Ministerul sanatatii,TITLUL VII ALTE TRANSFERURI,"12,000"
26,26,5001,Ministerul sanatatii,TITLUL VIII PROIECTE CU FINANTARE DIN FONDURI EXTERNE NERAMBURSABILE (FEN) POSTADERARE,"21,400"
26,26,5001,Ministerul sanatatii,TITLUL XI CHELTUIELI AFERENTE PROGRAMELOR CU FINANTARE RAMBURSABILA,"49,215"
26,26,5001,Ministerul sanatatii,TITLUL XII ACTIVE NEFINANCIARE,"42,000"
26,26,5601,Ministerul sanatatii,TRANSFERURI CU CARACTER GENERAL INTRE DIFERITE NIVELE ALE ADMINISTRATIEI,"3,719,251"
26,26,5601,Ministerul sanatatii,TITLUL VI TRANSFERURI INTRE UNITATI ALE ADMINISTRATIEI PUBLICE,"3,719,251"
26,26,6601,Ministerul sanatatii,SANATATE,"2,528,922"
26,26,6601,Ministerul sanatatii,TITLUL I CHELTUIELI DE PERSONAL,"573,269"
26,26,6601,Ministerul sanatatii,TITLUL II BUNURI SI SERVICII,"1,090,688"
26,26,6601,Ministerul sanatatii,TITLUL VI TRANSFERURI INTRE UNITATI ALE ADMINISTRATIEI PUBLICE,"740,350"
26,26,6601,Ministerul sanatatii,TITLUL VII ALTE TRANSFERURI,"12,000"
26,26,6601,Ministerul sanatatii,TITLUL VIII PROIECTE CU FINANTARE DIN FONDURI EXTERNE NERAMBURSABILE (FEN) POSTADERARE,"21,400"
26,26,6601,Ministerul sanatatii,TITLUL XI CHELTUIELI AFERENTE PROGRAMELOR CU FINANTARE RAMBURSABILA,"49,215"
26,26,6601,Ministerul sanatatii,TITLUL XII ACTIVE NEFINANCIARE,"42,000"
26,26,6801,Ministerul sanatatii,ASIGURARI SI ASISTENTA SOCIALA,"978,500"
26,26,6801,Ministerul sanatatii,TITLUL VI TRANSFERURI INTRE UNITATI ALE ADMINISTRATIEI PUBLICE,"978,500"
27,0,5001,Ministerul culturii,CHELTUIELI - BUGET DE STAT,"546,064"
27,27,5001,Ministerul culturii,TITLUL I CHELTUIELI DE PERSONAL,"14,163"
27,27,5001,Ministerul culturii,TITLUL II BUNURI SI SERVICII,"28,395"
27,27,5001,Ministerul culturii,TITLUL VI TRANSFERURI INTRE UNITATI ALE ADMINISTRATIEI PUBLICE,"339,670"
27,27,5001,Ministerul culturii,TITLUL VII ALTE TRANSFERURI,"27,400"
27,27,5001,Ministerul culturii,TITLUL VIII PROIECTE CU FINANTARE DIN FONDURI EXTERNE NERAMBURSABILE (FEN) POSTADERARE,"7,000"
27,27,5001,Ministerul culturii,TITLUL X ALTE CHELTUIELI,"18,564"
27,27,5001,Ministerul culturii,TITLUL XI CHELTUIELI AFERENTE PROGRAMELOR CU FINANTARE RAMBURSABILA,"110,000"
27,27,5001,Ministerul culturii,TITLUL XII ACTIVE NEFINANCIARE,"872"
27,27,6701,Ministerul culturii,CULTURA, RECREERE SI RELIGIE,"546,064"
27,27,6701,Ministerul culturii,TITLUL I CHELTUIELI DE PERSONAL,"14,163"
27,27,6701,Ministerul culturii,TITLUL II BUNURI SI SERVICII,"28,395"
27,27,6701,Ministerul culturii,TITLUL VI TRANSFERURI INTRE UNITATI ALE ADMINISTRATIEI PUBLICE,"339,670"
27,27,6701,Ministerul culturii,TITLUL VII ALTE TRANSFERURI,"27,400"
27,27,6701,Ministerul culturii,TITLUL VIII PROIECTE CU FINANTARE DIN FONDURI EXTERNE NERAMBURSABILE (FEN) POSTADERARE,"7,000"
27,27,6701,Ministerul culturii,TITLUL X ALTE CHELTUIELI,"18,564"
27,27,6701,Ministerul culturii,TITLUL XI CHELTUIELI AFERENTE PROGRAMELOR CU FINANTARE RAMBURSABILA,"110,000"
27,27,6701,Ministerul culturii,TITLUL XII ACTIVE NEFINANCIARE,"872"
28,0,5001,Ministerul pentru societatea informationala,CHELTUIELI - BUGET DE STAT,"199,186"
28,28,5001,Ministerul pentru societatea informationala,TITLUL I CHELTUIELI DE PERSONAL,"7,995"
28,28,5001,Ministerul pentru societatea informationala,TITLUL II BUNURI SI SERVICII,"67,233"
28,28,5001,Ministerul pentru societatea informationala,TITLUL VII ALTE TRANSFERURI,"3,010"
28,28,5001,Ministerul pentru societatea informationala,TITLUL VIII PROIECTE CU FINANTARE DIN FONDURI EXTERNE NERAMBURSABILE (FEN) POSTADERARE,"55,000"
28,28,5001,Ministerul pentru societatea informationala,TITLUL X ALTE CHELTUIELI,"100"
28,28,5001,Ministerul pentru societatea informationala,TITLUL XI CHELTUIELI AFERENTE PROGRAMELOR CU FINANTARE RAMBURSABILA,"5,348"
28,28,5001,Ministerul pentru societatea informationala,TITLUL XII ACTIVE NEFINANCIARE,"60,500"
28,28,5301,Ministerul pentru societatea informationala,CERCETARE FUNDAMENTALA SI CERCETARE DEZVOLTARE,"1,710"
28,28,5301,Ministerul pentru societatea informationala,TITLUL VII ALTE TRANSFERURI,"1,710"
28,28,8501,Ministerul pentru societatea informationala,COMUNICATII,"197,476"
28,28,8501,Ministerul pentru societatea informationala,TITLUL I CHELTUIELI DE PERSONAL,"7,995"
28,28,8501,Ministerul pentru societatea informationala,TITLUL II BUNURI SI SERVICII,"67,233"
28,28,8501,Ministerul pentru societatea informationala,TITLUL VII ALTE TRANSFERURI,"1,300"
28,28,8501,Ministerul pentru societatea informationala,TITLUL VIII PROIECTE CU FINANTARE DIN FONDURI EXTERNE NERAMBURSABILE (FEN) POSTADERARE,"55,000"
28,28,8501,Ministerul pentru societatea informationala,TITLUL X ALTE CHELTUIELI,"100"
28,28,8501,Ministerul pentru societatea informationala,TITLUL XI CHELTUIELI AFERENTE PROGRAMELOR CU FINANTARE RAMBURSABILA,"5,348"
28,28,8501,Ministerul pentru societatea informationala,TITLUL XII ACTIVE NEFINANCIARE,"60,500"
29,0,5001,Ministerul public,CHELTUIELI - BUGET DE STAT,"651,144"
29,29,5001,Ministerul public,TITLUL I CHELTUIELI DE PERSONAL,"591,321"
29,29,5001,Ministerul public,TITLUL II BUNURI SI SERVICII,"49,225"
29,29,5001,Ministerul public,TITLUL VIII PROIECTE CU FINANTARE DIN FONDURI EXTERNE NERAMBURSABILE (FEN) POSTADERARE,"3,119"
29,29,5001,Ministerul public,TITLUL XII ACTIVE NEFINANCIARE,"7,479"
29,29,6101,Ministerul public,ORDINE PUBLICA SI SIGURANTA NATIONALA,"651,144"
29,29,6101,Ministerul public,TITLUL I CHELTUIELI DE PERSONAL,"591,321"
29,29,6101,Ministerul public,TITLUL II BUNURI SI SERVICII,"49,225"
29,29,6101,Ministerul public,TITLUL VIII PROIECTE CU FINANTARE DIN FONDURI EXTERNE NERAMBURSABILE (FEN) POSTADERARE,"3,119"
29,29,6101,Ministerul public,TITLUL XII ACTIVE NEFINANCIARE,"7,479"
30,0,5001,Agentia nationala de integritate,CHELTUIELI - BUGET DE STAT,"27,195"
30,30,5001,Agentia nationala de integritate,TITLUL I CHELTUIELI DE PERSONAL,"8,122"
30,30,5001,Agentia nationala de integritate,TITLUL II BUNURI SI SERVICII,"9,320"
30,30,5001,Agentia nationala de integritate,TITLUL VIII PROIECTE CU FINANTARE DIN FONDURI EXTERNE NERAMBURSABILE (FEN) POSTADERARE,"9,253"
30,30,5001,Agentia nationala de integritate,TITLUL XII ACTIVE NEFINANCIARE,"500"
30,30,5101,Agentia nationala de integritate,AUTORITATI PUBLICE SI ACTIUNI EXTERNE,"27,195"
30,30,5101,Agentia nationala de integritate,TITLUL I CHELTUIELI DE PERSONAL,"8,122"
30,30,5101,Agentia nationala de integritate,TITLUL II BUNURI SI SERVICII,"9,320"
30,30,5101,Agentia nationala de integritate,TITLUL VIII PROIECTE CU FINANTARE DIN FONDURI EXTERNE NERAMBURSABILE (FEN) POSTADERARE,"9,253"
30,30,5101,Agentia nationala de integritate,TITLUL XII ACTIVE NEFINANCIARE,"500"
31,0,5001,Serviciul roman de informatii,CHELTUIELI - BUGET DE STAT,"1,031,598"
31,31,5001,Serviciul roman de informatii,TITLUL I CHELTUIELI DE PERSONAL,"848,327"
31,31,5001,Serviciul roman de informatii,TITLUL II BUNURI SI SERVICII,"135,810"
31,31,5001,Serviciul roman de informatii,TITLUL VI TRANSFERURI INTRE UNITATI ALE ADMINISTRATIEI PUBLICE,"26,197"
31,31,5001,Serviciul roman de informatii,TITLUL VII ALTE TRANSFERURI,"295"
31,31,5001,Serviciul roman de informatii,TITLUL VIII PROIECTE CU FINANTARE DIN FONDURI EXTERNE NERAMBURSABILE (FEN) POSTADERARE,"2,211"
31,31,5001,Serviciul roman de informatii,TITLUL IX ASISTENTA SOCIALA,"6,183"
31,31,5001,Serviciul roman de informatii,TITLUL X ALTE CHELTUIELI,"75"
31,31,5001,Serviciul roman de informatii,TITLUL XII ACTIVE NEFINANCIARE,"12,500"
31,31,6101,Serviciul roman de informatii,ORDINE PUBLICA SI SIGURANTA NATIONALA,"1,005,052"
31,31,6101,Serviciul roman de informatii,TITLUL I CHELTUIELI DE PERSONAL,"833,582"
31,31,6101,Serviciul roman de informatii,TITLUL II BUNURI SI SERVICII,"132,856"
31,31,6101,Serviciul roman de informatii,TITLUL VI TRANSFERURI INTRE UNITATI ALE ADMINISTRATIEI PUBLICE,"25,950"
31,31,6101,Serviciul roman de informatii,TITLUL VII ALTE TRANSFERURI,"295"
31,31,6101,Serviciul roman de informatii,TITLUL XII ACTIVE NEFINANCIARE,"12,369"
31,31,6501,Serviciul roman de informatii,INVATAMANT,"20,162"
31,31,6501,Serviciul roman de informatii,TITLUL I CHELTUIELI DE PERSONAL,"14,745"
31,31,6501,Serviciul roman de informatii,TITLUL II BUNURI SI SERVICII,"2,950"
31,31,6501,Serviciul roman de informatii,TITLUL VIII PROIECTE CU FINANTARE DIN FONDURI EXTERNE NERAMBURSABILE (FEN) POSTADERARE,"2,211"
31,31,6501,Serviciul roman de informatii,TITLUL IX ASISTENTA SOCIALA,"50"
31,31,6501,Serviciul roman de informatii,TITLUL X ALTE CHELTUIELI,"75"
31,31,6501,Serviciul roman de informatii,TITLUL XII ACTIVE NEFINANCIARE,"131"
31,31,6801,Serviciul roman de informatii,ASIGURARI SI ASISTENTA SOCIALA,"6,384"
31,31,6801,Serviciul roman de informatii,TITLUL II BUNURI SI SERVICII,"4"
31,31,6801,Serviciul roman de informatii,TITLUL VI TRANSFERURI INTRE UNITATI ALE ADMINISTRATIEI PUBLICE,"247"
31,31,6801,Serviciul roman de informatii,TITLUL IX ASISTENTA SOCIALA,"6,133"
32,0,5001,Serviciul de informatii externe,CHELTUIELI - BUGET DE STAT,"182,615"
32,32,5001,Serviciul de informatii externe,TITLUL I CHELTUIELI DE PERSONAL,"124,385"
32,32,5001,Serviciul de informatii externe,TITLUL II BUNURI SI SERVICII,"50,397"
32,32,5001,Serviciul de informatii externe,TITLUL VI TRANSFERURI INTRE UNITATI ALE ADMINISTRATIEI PUBLICE,"1,033"
32,32,5001,Serviciul de informatii externe,TITLUL VII ALTE TRANSFERURI,"700"
32,32,5001,Serviciul de informatii externe,TITLUL IX ASISTENTA SOCIALA,"600"
32,32,5001,Serviciul de informatii externe,TITLUL XII ACTIVE NEFINANCIARE,"5,500"
32,32,6101,Serviciul de informatii externe,ORDINE PUBLICA SI SIGURANTA NATIONALA,"181,982"
32,32,6101,Serviciul de informatii externe,TITLUL I CHELTUIELI DE PERSONAL,"124,385"
32,32,6101,Serviciul de informatii externe,TITLUL II BUNURI SI SERVICII,"50,397"
32,32,6101,Serviciul de informatii externe,TITLUL VI TRANSFERURI INTRE UNITATI ALE ADMINISTRATIEI PUBLICE,"1,000"
32,32,6101,Serviciul de informatii externe,TITLUL VII ALTE TRANSFERURI,"700"
32,32,6101,Serviciul de informatii externe,TITLUL XII ACTIVE NEFINANCIARE,"5,500"
32,32,6801,Serviciul de informatii externe,ASIGURARI SI ASISTENTA SOCIALA,"633"
32,32,6801,Serviciul de informatii externe,TITLUL VI TRANSFERURI INTRE UNITATI ALE ADMINISTRATIEI PUBLICE,"33"
32,32,6801,Serviciul de informatii externe,TITLUL IX ASISTENTA SOCIALA,"600"
33,0,5001,Serviciul de protectie si paza,CHELTUIELI - BUGET DE STAT,"191,278"
33,33,5001,Serviciul de protectie si paza,TITLUL I CHELTUIELI DE PERSONAL,"119,925"
33,33,5001,Serviciul de protectie si paza,TITLUL II BUNURI SI SERVICII,"9,990"
33,33,5001,Serviciul de protectie si paza,TITLUL VI TRANSFERURI INTRE UNITATI ALE ADMINISTRATIEI PUBLICE,"13"
33,33,5001,Serviciul de protectie si paza,TITLUL IX ASISTENTA SOCIALA,"850"
33,33,5001,Serviciul de protectie si paza,TITLUL XII ACTIVE NEFINANCIARE,"60,500"
33,33,6101,Serviciul de protectie si paza,ORDINE PUBLICA SI SIGURANTA NATIONALA,"190,465"
33,33,6101,Serviciul de protectie si paza,TITLUL I CHELTUIELI DE PERSONAL,"119,925"
33,33,6101,Serviciul de protectie si paza,TITLUL II BUNURI SI SERVICII,"9,990"
33,33,6101,Serviciul de protectie si paza,TITLUL IX ASISTENTA SOCIALA,"50"
33,33,6101,Serviciul de protectie si paza,TITLUL XII ACTIVE NEFINANCIARE,"60,500"
33,33,6801,Serviciul de protectie si paza,ASIGURARI SI ASISTENTA SOCIALA,"813"
33,33,6801,Serviciul de protectie si paza,TITLUL VI TRANSFERURI INTRE UNITATI ALE ADMINISTRATIEI PUBLICE,"13"
33,33,6801,Serviciul de protectie si paza,TITLUL IX ASISTENTA SOCIALA,"800"
34,0,5001,Serviciul de telecomunicatii speciale,CHELTUIELI - BUGET DE STAT,"248,424"
34,34,5001,Serviciul de telecomunicatii speciale,TITLUL I CHELTUIELI DE PERSONAL,"181,792"
34,34,5001,Serviciul de telecomunicatii speciale,TITLUL II BUNURI SI SERVICII,"52,692"
34,34,5001,Serviciul de telecomunicatii speciale,TITLUL VI TRANSFERURI INTRE UNITATI ALE ADMINISTRATIEI PUBLICE,"65"
34,34,5001,Serviciul de telecomunicatii speciale,TITLUL VIII PROIECTE CU FINANTARE DIN FONDURI EXTERNE NERAMBURSABILE (FEN) POSTADERARE,"9,700"
34,34,5001,Serviciul de telecomunicatii speciale,TITLUL IX ASISTENTA SOCIALA,"1,187"
34,34,5001,Serviciul de telecomunicatii speciale,TITLUL XII ACTIVE NEFINANCIARE,"2,988"
34,34,6101,Serviciul de telecomunicatii speciale,ORDINE PUBLICA SI SIGURANTA NATIONALA,"247,172"
34,34,6101,Serviciul de telecomunicatii speciale,TITLUL I CHELTUIELI DE PERSONAL,"181,792"
34,34,6101,Serviciul de telecomunicatii speciale,TITLUL II BUNURI SI SERVICII,"52,692"
34,34,6101,Serviciul de telecomunicatii speciale,TITLUL VIII PROIECTE CU FINANTARE DIN FONDURI EXTERNE NERAMBURSABILE (FEN) POSTADERARE,"9,700"
34,34,6101,Serviciul de telecomunicatii speciale,TITLUL XII ACTIVE NEFINANCIARE,"2,988"
34,34,6801,Serviciul de telecomunicatii speciale,ASIGURARI SI ASISTENTA SOCIALA,"1,252"
34,34,6801,Serviciul de telecomunicatii speciale,TITLUL VI TRANSFERURI INTRE UNITATI ALE ADMINISTRATIEI PUBLICE,"65"
34,34,6801,Serviciul de telecomunicatii speciale,TITLUL IX ASISTENTA SOCIALA,"1,187"
35,0,5001,Ministerul economiei,CHELTUIELI - BUGET DE STAT,"1,164,991"
35,35,5001,Ministerul economiei,TITLUL I CHELTUIELI DE PERSONAL,"94,526"
35,35,5001,Ministerul economiei,TITLUL II BUNURI SI SERVICII,"39,451"
35,35,5001,Ministerul economiei,TITLUL III DOBANZI,"6,625"
35,35,5001,Ministerul economiei,TITLUL IV SUBVENTII,"256,686"
35,35,5001,Ministerul economiei,TITLUL VI TRANSFERURI INTRE UNITATI ALE ADMINISTRATIEI PUBLICE,"4,900"
35,35,5001,Ministerul economiei,TITLUL VII ALTE TRANSFERURI,"204,780"
35,35,5001,Ministerul economiei,TITLUL VIII PROIECTE CU FINANTARE DIN FONDURI EXTERNE NERAMBURSABILE (FEN) POSTADERARE,"472,877"
35,35,5001,Ministerul economiei,TITLUL X ALTE CHELTUIELI,"270"
35,35,5001,Ministerul economiei,TITLUL XI CHELTUIELI AFERENTE PROGRAMELOR CU FINANTARE RAMBURSABILA,"10,500"
35,35,5001,Ministerul economiei,TITLUL XII ACTIVE NEFINANCIARE,"18,552"
35,35,5001,Ministerul economiei,TITLUL XVI RAMBURSARI DE CREDITE,"55,824"
35,35,5101,Ministerul economiei,AUTORITATI PUBLICE SI ACTIUNI EXTERNE,"569,422"
35,35,5101,Ministerul economiei,TITLUL I CHELTUIELI DE PERSONAL,"94,526"
35,35,5101,Ministerul economiei,TITLUL II BUNURI SI SERVICII,"37,183"
35,35,5101,Ministerul economiei,TITLUL VII ALTE TRANSFERURI,"6,010"
35,35,5101,Ministerul economiei,TITLUL VIII PROIECTE CU FINANTARE DIN FONDURI EXTERNE NERAMBURSABILE (FEN) POSTADERARE,"412,892"
35,35,5101,Ministerul economiei,TITLUL X ALTE CHELTUIELI,"270"
35,35,5101,Ministerul economiei,TITLUL XII ACTIVE NEFINANCIARE,"18,541"
35,35,5401,Ministerul economiei,ALTE SERVICII PUBLICE GENERALE,"11"
35,35,5401,Ministerul economiei,TITLUL XII ACTIVE NEFINANCIARE,"11"
35,35,8001,Ministerul economiei,ACTIUNI GENERALE ECONOMICE, COMERCIALE SI DE MUNCA,"150,085"
35,35,8001,Ministerul economiei,TITLUL IV SUBVENTII,"62,115"
35,35,8001,Ministerul economiei,TITLUL VI TRANSFERURI INTRE UNITATI ALE ADMINISTRATIEI PUBLICE,"3,900"
35,35,8001,Ministerul economiei,TITLUL VII ALTE TRANSFERURI,"73,570"
35,35,8001,Ministerul economiei,TITLUL XI CHELTUIELI AFERENTE PROGRAMELOR CU FINANTARE RAMBURSABILA,"10,500"
35,35,8101,Ministerul economiei,COMBUSTIBILI SI ENERGIE,"177,000"
35,35,8101,Ministerul economiei,TITLUL IV SUBVENTII,"163,000"
35,35,8101,Ministerul economiei,TITLUL VII ALTE TRANSFERURI,"14,000"
35,35,8201,Ministerul economiei,INDUSTRIA EXTRACTIVA, PRELUCRATOARE SI CONSTRUCTII,"132,520"
35,35,8201,Ministerul economiei,TITLUL III DOBANZI,"6,625"
35,35,8201,Ministerul economiei,TITLUL IV SUBVENTII,"31,571"
35,35,8201,Ministerul economiei,TITLUL VII ALTE TRANSFERURI,"38,500"
35,35,8201,Ministerul economiei,TITLUL XVI RAMBURSARI DE CREDITE,"55,824"
35,35,8601,Ministerul economiei,CERCETARE SI DEZVOLTARE IN DOMENIUL ECONOMIC,"72,700"
35,35,8601,Ministerul economiei,TITLUL VII ALTE TRANSFERURI,"72,700"
35,35,8701,Ministerul economiei,ALTE ACTIUNI ECONOMICE,"63,253"
35,35,8701,Ministerul economiei,TITLUL II BUNURI SI SERVICII,"2,268"
35,35,8701,Ministerul economiei,TITLUL VI TRANSFERURI INTRE UNITATI ALE ADMINISTRATIEI PUBLICE,"1,000"
35,35,8701,Ministerul economiei,TITLUL VIII PROIECTE CU FINANTARE DIN FONDURI EXTERNE NERAMBURSABILE (FEN) POSTADERARE,"59,985"
37,0,5001,Academia romana,CHELTUIELI - BUGET DE STAT,"252,602"
37,37,5001,Academia romana,TITLUL I CHELTUIELI DE PERSONAL,"146,195"
37,37,5001,Academia romana,TITLUL II BUNURI SI SERVICII,"9,315"
37,37,5001,Academia romana,TITLUL VI TRANSFERURI INTRE UNITATI ALE ADMINISTRATIEI PUBLICE,"10,244"
37,37,5001,Academia romana,TITLUL VII ALTE TRANSFERURI,"145"
37,37,5001,Academia romana,TITLUL VIII PROIECTE CU FINANTARE DIN FONDURI EXTERNE NERAMBURSABILE (FEN) POSTADERARE,"70,112"
37,37,5001,Academia romana,TITLUL IX ASISTENTA SOCIALA,"800"
37,37,5001,Academia romana,TITLUL X ALTE CHELTUIELI,"15,696"
37,37,5001,Academia romana,TITLUL XII ACTIVE NEFINANCIARE,"95"
37,37,5301,Academia romana,CERCETARE FUNDAMENTALA SI CERCETARE DEZVOLTARE,"237,475"
37,37,5301,Academia romana,TITLUL I CHELTUIELI DE PERSONAL,"142,630"
37,37,5301,Academia romana,TITLUL II BUNURI SI SERVICII,"8,344"
37,37,5301,Academia romana,TITLUL VI TRANSFERURI INTRE UNITATI ALE ADMINISTRATIEI PUBLICE,"453"
37,37,5301,Academia romana,TITLUL VII ALTE TRANSFERURI,"145"
37,37,5301,Academia romana,TITLUL VIII PROIECTE CU FINANTARE DIN FONDURI EXTERNE NERAMBURSABILE (FEN) POSTADERARE,"70,112"
37,37,5301,Academia romana,TITLUL X ALTE CHELTUIELI,"15,696"
37,37,5301,Academia romana,TITLUL XII ACTIVE NEFINANCIARE,"95"
37,37,6601,Academia romana,SANATATE,"12,390"
37,37,6601,Academia romana,TITLUL I CHELTUIELI DE PERSONAL,"2,160"
37,37,6601,Academia romana,TITLUL II BUNURI SI SERVICII,"439"
37,37,6601,Academia romana,TITLUL VI TRANSFERURI INTRE UNITATI ALE ADMINISTRATIEI PUBLICE,"9,791"
37,37,6701,Academia romana,CULTURA, RECREERE SI RELIGIE,"1,937"
37,37,6701,Academia romana,TITLUL I CHELTUIELI DE PERSONAL,"1,405"
37,37,6701,Academia romana,TITLUL II BUNURI SI SERVICII,"532"
37,37,6801,Academia romana,ASIGURARI SI ASISTENTA SOCIALA,"800"
37,37,6801,Academia romana,TITLUL IX ASISTENTA SOCIALA,"800"
38,0,5001,Autoritatea nationala sanitarveterinara si pentru siguranta alimentelor,CHELTUIELI - BUGET DE STAT,"448,087"
38,38,5001,Autoritatea nationala sanitarveterinara si pentru siguranta alimentelor,TITLUL VI TRANSFERURI INTRE UNITATI ALE ADMINISTRATIEI PUBLICE,"448,087"
38,38,8301,Autoritatea nationala sanitarveterinara si pentru siguranta alimentelor,AGRICULTURA, SILVICULTURA, PISCICULTURA SI VANATOARE,"448,087"
38,38,8301,Autoritatea nationala sanitarveterinara si pentru siguranta alimentelor,TITLUL VI TRANSFERURI INTRE UNITATI ALE ADMINISTRATIEI PUBLICE,"448,087"
39,0,5001,Secretariatul de stat pentru problemele revolutionarilor din decembrie 1989,CHELTUIELI - BUGET DE STAT,"2,109"
39,39,5001,Secretariatul de stat pentru problemele revolutionarilor din decembrie 1989,TITLUL I CHELTUIELI DE PERSONAL,"1,256"
39,39,5001,Secretariatul de stat pentru problemele revolutionarilor din decembrie 1989,TITLUL II BUNURI SI SERVICII,"407"
39,39,5001,Secretariatul de stat pentru problemele revolutionarilor din decembrie 1989,TITLUL IX ASISTENTA SOCIALA,"400"
39,39,5001,Secretariatul de stat pentru problemele revolutionarilor din decembrie 1989,TITLUL X ALTE CHELTUIELI,"30"
39,39,5001,Secretariatul de stat pentru problemele revolutionarilor din decembrie 1989,TITLUL XII ACTIVE NEFINANCIARE,"16"
39,39,6801,Secretariatul de stat pentru problemele revolutionarilor din decembrie 1989,ASIGURARI SI ASISTENTA SOCIALA,"2,109"
39,39,6801,Secretariatul de stat pentru problemele revolutionarilor din decembrie 1989,TITLUL I CHELTUIELI DE PERSONAL,"1,256"
39,39,6801,Secretariatul de stat pentru problemele revolutionarilor din decembrie 1989,TITLUL II BUNURI SI SERVICII,"407"
39,39,6801,Secretariatul de stat pentru problemele revolutionarilor din decembrie 1989,TITLUL IX ASISTENTA SOCIALA,"400"
39,39,6801,Secretariatul de stat pentru problemele revolutionarilor din decembrie 1989,TITLUL X ALTE CHELTUIELI,"30"
39,39,6801,Secretariatul de stat pentru problemele revolutionarilor din decembrie 1989,TITLUL XII ACTIVE NEFINANCIARE,"16"
40,0,5001,Oficiul national de prevenire si combaterea spalarii banilor,CHELTUIELI - BUGET DE STAT,"14,787"
40,40,5001,Oficiul national de prevenire si combaterea spalarii banilor,TITLUL I CHELTUIELI DE PERSONAL,"9,157"
40,40,5001,Oficiul national de prevenire si combaterea spalarii banilor,TITLUL II BUNURI SI SERVICII,"865"
40,40,5001,Oficiul national de prevenire si combaterea spalarii banilor,TITLUL VII ALTE TRANSFERURI,"22"
40,40,5001,Oficiul national de prevenire si combaterea spalarii banilor,TITLUL VIII PROIECTE CU FINANTARE DIN FONDURI EXTERNE NERAMBURSABILE (FEN) POSTADERARE,"4,710"
40,40,5001,Oficiul national de prevenire si combaterea spalarii banilor,TITLUL XII ACTIVE NEFINANCIARE,"33"
40,40,5101,Oficiul national de prevenire si combaterea spalarii banilor,AUTORITATI PUBLICE SI ACTIUNI EXTERNE,"14,787"
40,40,5101,Oficiul national de prevenire si combaterea spalarii banilor,TITLUL I CHELTUIELI DE PERSONAL,"9,157"
40,40,5101,Oficiul national de prevenire si combaterea spalarii banilor,TITLUL II BUNURI SI SERVICII,"865"
40,40,5101,Oficiul national de prevenire si combaterea spalarii banilor,TITLUL VII ALTE TRANSFERURI,"22"
40,40,5101,Oficiul national de prevenire si combaterea spalarii banilor,TITLUL VIII PROIECTE CU FINANTARE DIN FONDURI EXTERNE NERAMBURSABILE (FEN) POSTADERARE,"4,710"
40,40,5101,Oficiul national de prevenire si combaterea spalarii banilor,TITLUL XII ACTIVE NEFINANCIARE,"33"
41,0,5001,Oficiul registrului national al informatiilor secrete de stat,CHELTUIELI - BUGET DE STAT,"9,427"
41,41,5001,Oficiul registrului national al informatiilor secrete de stat,TITLUL I CHELTUIELI DE PERSONAL,"6,592"
41,41,5001,Oficiul registrului national al informatiilor secrete de stat,TITLUL II BUNURI SI SERVICII,"2,251"
41,41,5001,Oficiul registrului national al informatiilor secrete de stat,TITLUL VII ALTE TRANSFERURI,"520"
41,41,5001,Oficiul registrului national al informatiilor secrete de stat,TITLUL XII ACTIVE NEFINANCIARE,"64"
41,41,5101,Oficiul registrului national al informatiilor secrete de stat,AUTORITATI PUBLICE SI ACTIUNI EXTERNE,"9,427"
41,41,5101,Oficiul registrului national al informatiilor secrete de stat,TITLUL I CHELTUIELI DE PERSONAL,"6,592"
41,41,5101,Oficiul registrului national al informatiilor secrete de stat,TITLUL II BUNURI SI SERVICII,"2,251"
41,41,5101,Oficiul registrului national al informatiilor secrete de stat,TITLUL VII ALTE TRANSFERURI,"520"
41,41,5101,Oficiul registrului national al informatiilor secrete de stat,TITLUL XII ACTIVE NEFINANCIARE,"64"
42,0,5001,Consiliul national pentru combaterea discriminarii,CHELTUIELI - BUGET DE STAT,"4,419"
42,42,5001,Consiliul national pentru combaterea discriminarii,TITLUL I CHELTUIELI DE PERSONAL,"3,264"
42,42,5001,Consiliul national pentru combaterea discriminarii,TITLUL II BUNURI SI SERVICII,"644"
42,42,5001,Consiliul national pentru combaterea discriminarii,TITLUL VII ALTE TRANSFERURI,"5"
42,42,5001,Consiliul national pentru combaterea discriminarii,TITLUL VIII PROIECTE CU FINANTARE DIN FONDURI EXTERNE NERAMBURSABILE (FEN) POSTADERARE,"125"
42,42,5001,Consiliul national pentru combaterea discriminarii,TITLUL X ALTE CHELTUIELI,"343"
42,42,5001,Consiliul national pentru combaterea discriminarii,TITLUL XII ACTIVE NEFINANCIARE,"38"
42,42,5101,Consiliul national pentru combaterea discriminarii,AUTORITATI PUBLICE SI ACTIUNI EXTERNE,"4,419"
42,42,5101,Consiliul national pentru combaterea discriminarii,TITLUL I CHELTUIELI DE PERSONAL,"3,264"
42,42,5101,Consiliul national pentru combaterea discriminarii,TITLUL II BUNURI SI SERVICII,"644"
42,42,5101,Consiliul national pentru combaterea discriminarii,TITLUL VII ALTE TRANSFERURI,"5"
42,42,5101,Consiliul national pentru combaterea discriminarii,TITLUL VIII PROIECTE CU FINANTARE DIN FONDURI EXTERNE NERAMBURSABILE (FEN) POSTADERARE,"125"
42,42,5101,Consiliul national pentru combaterea discriminarii,TITLUL X ALTE CHELTUIELI,"343"
42,42,5101,Consiliul national pentru combaterea discriminarii,TITLUL XII ACTIVE NEFINANCIARE,"38"
43,0,5001,Agentia nationala de presa agerpres,CHELTUIELI - BUGET DE STAT,"13,504"
43,43,5001,Agentia nationala de presa agerpres,TITLUL VI TRANSFERURI INTRE UNITATI ALE ADMINISTRATIEI PUBLICE,"13,504"
43,43,6701,Agentia nationala de presa agerpres,CULTURA, RECREERE SI RELIGIE,"13,504"
43,43,6701,Agentia nationala de presa agerpres,TITLUL VI TRANSFERURI INTRE UNITATI ALE ADMINISTRATIEI PUBLICE,"13,504"
44,0,5001,Institutul cultural roman,CHELTUIELI - BUGET DE STAT,"29,116"
44,44,5001,Institutul cultural roman,TITLUL VI TRANSFERURI INTRE UNITATI ALE ADMINISTRATIEI PUBLICE,"29,116"
44,44,6701,Institutul cultural roman,CULTURA, RECREERE SI RELIGIE,"29,116"
44,44,6701,Institutul cultural roman,TITLUL VI TRANSFERURI INTRE UNITATI ALE ADMINISTRATIEI PUBLICE,"29,116"
45,0,5001,Societatea romana de radiodifuziune,CHELTUIELI - BUGET DE STAT,"186,094"
45,45,5001,Societatea romana de radiodifuziune,TITLUL II BUNURI SI SERVICII,"159,519"
45,45,5001,Societatea romana de radiodifuziune,TITLUL VII ALTE TRANSFERURI,"26,575"
45,45,6701,Societatea romana de radiodifuziune,CULTURA, RECREERE SI RELIGIE,"186,094"
45,45,6701,Societatea romana de radiodifuziune,TITLUL II BUNURI SI SERVICII,"159,519"
45,45,6701,Societatea romana de radiodifuziune,TITLUL VII ALTE TRANSFERURI,"26,575"
46,0,5001,Societatea romana de televiziune,CHELTUIELI - BUGET DE STAT,"174,217"
46,46,5001,Societatea romana de televiziune,TITLUL I CHELTUIELI DE PERSONAL,"69"
46,46,5001,Societatea romana de televiziune,TITLUL II BUNURI SI SERVICII,"173,378"
46,46,5001,Societatea romana de televiziune,TITLUL XII ACTIVE NEFINANCIARE,"770"
46,46,6701,Societatea romana de televiziune,CULTURA, RECREERE SI RELIGIE,"174,217"
46,46,6701,Societatea romana de televiziune,TITLUL I CHELTUIELI DE PERSONAL,"69"
46,46,6701,Societatea romana de televiziune,TITLUL II BUNURI SI SERVICII,"173,378"
46,46,6701,Societatea romana de televiziune,TITLUL XII ACTIVE NEFINANCIARE,"770"
47,0,5001,Consiliul superior al magistraturii,CHELTUIELI - BUGET DE STAT,"75,552"
47,47,5001,Consiliul superior al magistraturii,TITLUL I CHELTUIELI DE PERSONAL,"51,629"
47,47,5001,Consiliul superior al magistraturii,TITLUL II BUNURI SI SERVICII,"10,576"
47,47,5001,Consiliul superior al magistraturii,TITLUL VI TRANSFERURI INTRE UNITATI ALE ADMINISTRATIEI PUBLICE,"112"
47,47,5001,Consiliul superior al magistraturii,TITLUL VII ALTE TRANSFERURI,"76"
47,47,5001,Consiliul superior al magistraturii,TITLUL VIII PROIECTE CU FINANTARE DIN FONDURI EXTERNE NERAMBURSABILE (FEN) POSTADERARE,"2,163"
47,47,5001,Consiliul superior al magistraturii,TITLUL X ALTE CHELTUIELI,"10,950"
47,47,5001,Consiliul superior al magistraturii,TITLUL XII ACTIVE NEFINANCIARE,"46"
47,47,5101,Consiliul superior al magistraturii,AUTORITATI PUBLICE SI ACTIUNI EXTERNE,"48,028"
47,47,5101,Consiliul superior al magistraturii,TITLUL I CHELTUIELI DE PERSONAL,"38,683"
47,47,5101,Consiliul superior al magistraturii,TITLUL II BUNURI SI SERVICII,"7,205"
47,47,5101,Consiliul superior al magistraturii,TITLUL VI TRANSFERURI INTRE UNITATI ALE ADMINISTRATIEI PUBLICE,"22"
47,47,5101,Consiliul superior al magistraturii,TITLUL VII ALTE TRANSFERURI,"19"
47,47,5101,Consiliul superior al magistraturii,TITLUL VIII PROIECTE CU FINANTARE DIN FONDURI EXTERNE NERAMBURSABILE (FEN) POSTADERARE,"2,065"
47,47,5101,Consiliul superior al magistraturii,TITLUL XII ACTIVE NEFINANCIARE,"34"
47,47,6501,Consiliul superior al magistraturii,INVATAMANT,"27,524"
47,47,6501,Consiliul superior al magistraturii,TITLUL I CHELTUIELI DE PERSONAL,"12,946"
47,47,6501,Consiliul superior al magistraturii,TITLUL II BUNURI SI SERVICII,"3,371"
47,47,6501,Consiliul superior al magistraturii,TITLUL VI TRANSFERURI INTRE UNITATI ALE ADMINISTRATIEI PUBLICE,"90"
47,47,6501,Consiliul superior al magistraturii,TITLUL VII ALTE TRANSFERURI,"57"
47,47,6501,Consiliul superior al magistraturii,TITLUL VIII PROIECTE CU FINANTARE DIN FONDURI EXTERNE NERAMBURSABILE (FEN) POSTADERARE,"98"
47,47,6501,Consiliul superior al magistraturii,TITLUL X ALTE CHELTUIELI,"10,950"
47,47,6501,Consiliul superior al magistraturii,TITLUL XII ACTIVE NEFINANCIARE,"12"
48,0,5001,Autoritatea electorala permanenta,CHELTUIELI - BUGET DE STAT,"14,368"
48,48,5001,Autoritatea electorala permanenta,TITLUL I CHELTUIELI DE PERSONAL,"6,369"
48,48,5001,Autoritatea electorala permanenta,TITLUL II BUNURI SI SERVICII,"1,484"
48,48,5001,Autoritatea electorala permanenta,TITLUL VII ALTE TRANSFERURI,"5"
48,48,5001,Autoritatea electorala permanenta,TITLUL X ALTE CHELTUIELI,"6,422"
48,48,5001,Autoritatea electorala permanenta,TITLUL XII ACTIVE NEFINANCIARE,"88"
48,48,5101,Autoritatea electorala permanenta,AUTORITATI PUBLICE SI ACTIUNI EXTERNE,"7,946"
48,48,5101,Autoritatea electorala permanenta,TITLUL I CHELTUIELI DE PERSONAL,"6,369"
48,48,5101,Autoritatea electorala permanenta,TITLUL II BUNURI SI SERVICII,"1,484"
48,48,5101,Autoritatea electorala permanenta,TITLUL VII ALTE TRANSFERURI,"5"
48,48,5101,Autoritatea electorala permanenta,TITLUL XII ACTIVE NEFINANCIARE,"88"
48,48,5401,Autoritatea electorala permanenta,ALTE SERVICII PUBLICE GENERALE,"6,422"
48,48,5401,Autoritatea electorala permanenta,TITLUL X ALTE CHELTUIELI,"6,422"
50,0,5001,Autoritatea nationala de supraveghere a prelucrarii datelor cu caracter personal,CHELTUIELI - BUGET DE STAT,"3,460"
50,50,5001,Autoritatea nationala de supraveghere a prelucrarii datelor cu caracter personal,TITLUL I CHELTUIELI DE PERSONAL,"2,529"
50,50,5001,Autoritatea nationala de supraveghere a prelucrarii datelor cu caracter personal,TITLUL II BUNURI SI SERVICII,"912"
50,50,5001,Autoritatea nationala de supraveghere a prelucrarii datelor cu caracter personal,TITLUL XII ACTIVE NEFINANCIARE,"19"
50,50,5101,Autoritatea nationala de supraveghere a prelucrarii datelor cu caracter personal,AUTORITATI PUBLICE SI ACTIUNI EXTERNE,"3,460"
50,50,5101,Autoritatea nationala de supraveghere a prelucrarii datelor cu caracter personal,TITLUL I CHELTUIELI DE PERSONAL,"2,529"
50,50,5101,Autoritatea nationala de supraveghere a prelucrarii datelor cu caracter personal,TITLUL II BUNURI SI SERVICII,"912"
50,50,5101,Autoritatea nationala de supraveghere a prelucrarii datelor cu caracter personal,TITLUL XII ACTIVE NEFINANCIARE,"19"
51,0,5001,Consiliul economic si social,CHELTUIELI - BUGET DE STAT,"2,757"
51,51,5001,Consiliul economic si social,TITLUL I CHELTUIELI DE PERSONAL,"1,683"
51,51,5001,Consiliul economic si social,TITLUL II BUNURI SI SERVICII,"803"
51,51,5001,Consiliul economic si social,TITLUL VII ALTE TRANSFERURI,"21"
51,51,5001,Consiliul economic si social,TITLUL XII ACTIVE NEFINANCIARE,"250"
51,51,5101,Consiliul economic si social,AUTORITATI PUBLICE SI ACTIUNI EXTERNE,"2,757"
51,51,5101,Consiliul economic si social,TITLUL I CHELTUIELI DE PERSONAL,"1,683"
51,51,5101,Consiliul economic si social,TITLUL II BUNURI SI SERVICII,"803"
51,51,5101,Consiliul economic si social,TITLUL VII ALTE TRANSFERURI,"21"
51,51,5101,Consiliul economic si social,TITLUL XII ACTIVE NEFINANCIARE,"250"
52,0,5001,Consiliul national de solutionare a contestatiilor,CHELTUIELI - BUGET DE STAT,"9,942"
52,52,5001,Consiliul national de solutionare a contestatiilor,TITLUL I CHELTUIELI DE PERSONAL,"8,279"
52,52,5001,Consiliul national de solutionare a contestatiilor,TITLUL II BUNURI SI SERVICII,"1,624"
52,52,5001,Consiliul national de solutionare a contestatiilor,TITLUL XII ACTIVE NEFINANCIARE,"39"
52,52,5101,Consiliul national de solutionare a contestatiilor,AUTORITATI PUBLICE SI ACTIUNI EXTERNE,"9,942"
52,52,5101,Consiliul national de solutionare a contestatiilor,TITLUL I CHELTUIELI DE PERSONAL,"8,279"
52,52,5101,Consiliul national de solutionare a contestatiilor,TITLUL II BUNURI SI SERVICII,"1,624"
52,52,5101,Consiliul national de solutionare a contestatiilor,TITLUL XII ACTIVE NEFINANCIARE,"39"
53,0,5001,Autoritatea pentru administrarea activelor statului,CHELTUIELI - BUGET DE STAT,"20,825"
53,53,5001,Autoritatea pentru administrarea activelor statului,TITLUL I CHELTUIELI DE PERSONAL,"13,277"
53,53,5001,Autoritatea pentru administrarea activelor statului,TITLUL II BUNURI SI SERVICII,"7,500"
53,53,5001,Autoritatea pentru administrarea activelor statului,TITLUL XII ACTIVE NEFINANCIARE,"48"
53,53,5101,Autoritatea pentru administrarea activelor statului,AUTORITATI PUBLICE SI ACTIUNI EXTERNE,"20,825"
53,53,5101,Autoritatea pentru administrarea activelor statului,TITLUL I CHELTUIELI DE PERSONAL,"13,277"
53,53,5101,Autoritatea pentru administrarea activelor statului,TITLUL II BUNURI SI SERVICII,"7,500"
53,53,5101,Autoritatea pentru administrarea activelor statului,TITLUL XII ACTIVE NEFINANCIARE,"48"
54,0,5001,Ministerul fondurilor europene,CHELTUIELI - BUGET DE STAT,"172,886"
54,54,5001,Ministerul fondurilor europene,TITLUL I CHELTUIELI DE PERSONAL,"11,586"
54,54,5001,Ministerul fondurilor europene,TITLUL II BUNURI SI SERVICII,"1,284"
54,54,5001,Ministerul fondurilor europene,TITLUL VIII PROIECTE CU FINANTARE DIN FONDURI EXTERNE NERAMBURSABILE (FEN) POSTADERARE,"159,949"
54,54,5001,Ministerul fondurilor europene,TITLUL XII ACTIVE NEFINANCIARE,"67"
54,54,5101,Ministerul fondurilor europene,AUTORITATI PUBLICE SI ACTIUNI EXTERNE,"172,886"
54,54,5101,Ministerul fondurilor europene,TITLUL I CHELTUIELI DE PERSONAL,"11,586"
54,54,5101,Ministerul fondurilor europene,TITLUL II BUNURI SI SERVICII,"1,284"
54,54,5101,Ministerul fondurilor europene,TITLUL VIII PROIECTE CU FINANTARE DIN FONDURI EXTERNE NERAMBURSABILE (FEN) POSTADERARE,"159,949"
54,54,5101,Ministerul fondurilor europene,TITLUL XII ACTIVE NEFINANCIARE,"67"
65,0,5001,Ministerul finantelor publice actiuni - generale,CHELTUIELI - BUGET DE STAT,"23,454,577"
65,65,5001,Ministerul finantelor publice actiuni - generale,TITLUL I CHELTUIELI DE PERSONAL,"412,573"
65,65,5001,Ministerul finantelor publice actiuni - generale,TITLUL II BUNURI SI SERVICII,"56,788"
65,65,5001,Ministerul finantelor publice actiuni - generale,TITLUL III DOBANZI,"10,277,941"
65,65,5001,Ministerul finantelor publice actiuni - generale,TITLUL IV SUBVENTII,"151,110"
65,65,5001,Ministerul finantelor publice actiuni - generale,TITLUL V FONDURI DE REZERVA,"207,000"
65,65,5001,Ministerul finantelor publice actiuni - generale,TITLUL VI TRANSFERURI INTRE UNITATI ALE ADMINISTRATIEI PUBLICE,"128,543"
65,65,5001,Ministerul finantelor publice actiuni - generale,TITLUL VII ALTE TRANSFERURI,"7,600,517"
65,65,5001,Ministerul finantelor publice actiuni - generale,TITLUL VIII PROIECTE CU FINANTARE DIN FONDURI EXTERNE NERAMBURSABILE (FEN) POSTADERARE,"1,007,330"
65,65,5001,Ministerul finantelor publice actiuni - generale,TITLUL XIV - FONDUL NATIONAL DE DEZVOLTARE,"5,000"
65,65,5001,Ministerul finantelor publice actiuni - generale,TITLUL XVI RAMBURSARI DE CREDITE,"3,607,775"
65,65,5101,Ministerul finantelor publice actiuni - generale,AUTORITATI PUBLICE SI ACTIUNI EXTERNE,"7,690,514"
65,65,5101,Ministerul finantelor publice actiuni - generale,TITLUL VII ALTE TRANSFERURI,"6,683,184"
65,65,5101,Ministerul finantelor publice actiuni - generale,TITLUL VIII PROIECTE CU FINANTARE DIN FONDURI EXTERNE NERAMBURSABILE (FEN) POSTADERARE,"1,007,330"
65,65,5401,Ministerul finantelor publice actiuni - generale,ALTE SERVICII PUBLICE GENERALE,"1,026,097"
65,65,5401,Ministerul finantelor publice actiuni - generale,TITLUL I CHELTUIELI DE PERSONAL,"412,573"
65,65,5401,Ministerul finantelor publice actiuni - generale,TITLUL V FONDURI DE REZERVA,"207,000"
65,65,5401,Ministerul finantelor publice actiuni - generale,TITLUL VI TRANSFERURI INTRE UNITATI ALE ADMINISTRATIEI PUBLICE,"8,000"
65,65,5401,Ministerul finantelor publice actiuni - generale,TITLUL VII ALTE TRANSFERURI,"393,524"
65,65,5401,Ministerul finantelor publice actiuni - generale,TITLUL XIV - FONDUL NATIONAL DE DEZVOLTARE,"5,000"
65,65,5501,Ministerul finantelor publice actiuni - generale,TRANZACTII PRIVIND DATORIA PUBLICA SI IMPRUMUTURI,"14,063,047"
65,65,5501,Ministerul finantelor publice actiuni - generale,TITLUL II BUNURI SI SERVICII,"56,788"
65,65,5501,Ministerul finantelor publice actiuni - generale,TITLUL III DOBANZI,"10,277,941"
65,65,5501,Ministerul finantelor publice actiuni - generale,TITLUL VI TRANSFERURI INTRE UNITATI ALE ADMINISTRATIEI PUBLICE,"120,543"
65,65,5501,Ministerul finantelor publice actiuni - generale,TITLUL XVI RAMBURSARI DE CREDITE,"3,607,775"
65,65,8001,Ministerul finantelor publice actiuni - generale,ACTIUNI GENERALE ECONOMICE, COMERCIALE SI DE MUNCA,"674,919"
65,65,8001,Ministerul finantelor publice actiuni - generale,TITLUL IV SUBVENTII,"151,110"
65,65,8001,Ministerul finantelor publice actiuni - generale,TITLUL VII ALTE TRANSFERURI,"523,809"
